GYRO,11:32:42.536006,-0.026278987526893616,-0.08843772858381271,-0.023525334894657135
ACC,11:32:42.536006,0.029820848256349564,0.04394545406103134,0.9713756442070007
MAG,11:32:42.536006,-66.9876708984375,-54.06557083129883,24.485210418701172
GYRO,11:32:42.594006,0.046596698462963104,0.0030295178294181824,-0.02326461300253868
ACC,11:32:42.594006,0.02448703721165657,0.06603957712650299,0.9684512615203857
MAG,11:32:42.594006,-68.25584411621094,-58.45188522338867,26.396554946899414
GYRO,11:32:42.646538,-0.021640166640281677,0.010671878233551979,-0.0218710508197546
ACC,11:32:42.646538,0.02545681968331337,0.06118372827768326,0.9706445932388306
MAG,11:32:42.646538,-68.85088348388672,-60.728458404541016,27.235443115234375
GYRO,11:32:42.688568,-0.042941492050886154,0.01579800806939602,-0.014030162245035172
ACC,11:32:42.688568,0.02497193031013012,0.0755084902048111,0.9750310778617859
MAG,11:32:42.688568,-68.09529876708984,-60.81376266479492,27.395952224731445
GYRO,11:32:42.730371,-0.23957031965255737,0.029862159863114357,-0.005547681823372841
ACC,11:32:42.730371,0.020607901737093925,0.019423406571149826,0.9684512615203857
MAG,11:32:42.730371,-66.6728744506836,-58.348690032958984,26.973724365234375
GYRO,11:32:42.773643,-0.3174556493759155,0.0035949554294347763,0.011556546203792095
ACC,11:32:42.773643,-0.012835453264415264,-0.11385862529277802,0.9182497262954712
MAG,11:32:42.773643,-64.701171875,-56.77584457397461,26.716936111450195
GYRO,11:32:42.814442,-0.25514739751815796,0.00023519620299339294,0.3545573651790619
ACC,11:32:42.814442,0.03200286254286766,0.012139628641307354,0.9708882570266724
MAG,11:32:42.814442,-63.01895523071289,-55.86721420288086,26.748146057128906
GYRO,11:32:42.863608,-0.08929747343063354,-0.001597398892045021,0.01858149655163288
ACC,11:32:42.863608,0.03248775377869606,-0.0031359365675598383,0.9872159361839294
MAG,11:32:42.863608,-61.698707580566406,-54.954837799072266,26.74828338623047
GYRO,11:32:42.908965,0.17141076922416687,0.002360941842198372,0.0817866399884224
ACC,11:32:42.908965,0.014789201319217682,0.06239769235253334,0.9767369627952576
MAG,11:32:42.908965,-61.55669403076172,-54.50782775878906,26.86962890625
GYRO,11:32:42.949501,-0.07293446362018585,0.0034935418516397476,0.010587320663034916
ACC,11:32:42.949501,0.018910780549049377,0.0019423406338319182,0.9721066951751709
MAG,11:32:42.949501,-61.335025787353516,-54.29463195800781,26.855566024780273
GYRO,11:32:42.998101,0.04273437708616257,0.0012836847454309464,0.008005332201719284
ACC,11:32:42.998101,0.018910780549049377,0.028163937851786613,0.9738126397132874
MAG,11:32:42.998101,-61.10512924194336,-54.10649871826172,27.001630783081055
GYRO,11:32:43.037636,0.0011677294969558716,0.002686295658349991,0.008249083533883095
ACC,11:32:43.037636,0.01672876812517643,0.020880160853266716,0.9740563035011292
MAG,11:32:43.037636,-60.8642463684082,-54.180599212646484,27.15664291381836
GYRO,11:32:43.085488,0.0006494522094726562,0.0028783101588487625,0.007850123569369316
ACC,11:32:43.085488,0.018425889313220978,0.01845223642885685,0.9747873544692993
MAG,11:32:43.085488,-60.69562911987305,-54.19291687011719,27.120708465576172
GYRO,11:32:43.134485,0.018609508872032166,0.0012941695749759674,0.00749104842543602
ACC,11:32:43.134485,0.01745610684156418,0.025736013427376747,0.9745436906814575
MAG,11:32:43.134485,-60.997554779052734,-53.78047561645508,26.913040161132812
GYRO,11:32:43.176189,-0.0072810351848602295,-0.0005219113081693649,0.006223725154995918
ACC,11:32:43.176189,0.019153228029608727,0.015538725070655346,0.9740563035011292
MAG,11:32:43.176189,-61.49981689453125,-53.612281799316406,26.594928741455078
GYRO,11:32:43.220501,0.015310272574424744,0.0018762443214654922,0.006810935214161873
ACC,11:32:43.220501,0.01672876812517643,0.023065295070409775,0.9757621884346008
MAG,11:32:43.220501,-61.11180114746094,-53.825782775878906,26.907590866088867
GYRO,11:32:43.272052,0.002149343490600586,0.0015079062432050705,0.005862658843398094
ACC,11:32:43.272052,0.01745610684156418,0.020394576713442802,0.9767369627952576
MAG,11:32:43.272052,-61.14593505859375,-53.71221923828125,27.232608795166016
GYRO,11:32:43.319240,0.006596662104129791,0.0011579152196645737,0.006167469546198845
ACC,11:32:43.319240,0.01624387688934803,0.020151784643530846,0.9752748012542725
MAG,11:32:43.319240,-61.28282165527344,-53.92599868774414,26.964767456054688
GYRO,11:32:43.365192,0.004648245871067047,0.002056501805782318,0.004670429043471813
ACC,11:32:43.365192,0.017940998077392578,0.020394576713442802,0.9728378057479858
MAG,11:32:43.365192,-60.95820999145508,-53.94438171386719,26.650836944580078
GYRO,11:32:43.416235,0.008511118590831757,-0.001284068450331688,0.005314966663718224
ACC,11:32:43.416235,0.018425889313220978,0.021122954785823822,0.9755184650421143
MAG,11:32:43.416235,-60.773719787597656,-53.95455551147461,26.650209426879883
GYRO,11:32:43.467646,0.00500120222568512,0.0004465598613023758,0.005051549524068832
ACC,11:32:43.467646,0.01769855059683323,0.02063736878335476,0.9740563035011292
MAG,11:32:43.467646,-60.661903381347656,-53.83455276489258,26.1019229888916
GYRO,11:32:43.521854,0.0030110031366348267,-0.002258084714412689,0.005116462707519531
ACC,11:32:43.521854,0.017940998077392578,0.019423406571149826,0.973325252532959
MAG,11:32:43.521854,-61.09685134887695,-54.26266860961914,26.358901977539062
GYRO,11:32:43.580264,0.0063196346163749695,-0.0013400260359048843,0.005743849091231823
ACC,11:32:43.580264,0.018668334931135178,0.020394576713442802,0.9752748012542725
MAG,11:32:43.580264,-61.002681732177734,-54.1717414855957,26.985918045043945
GYRO,11:32:43.632022,0.004054367542266846,0.0010585654526948929,0.005779316648840904
ACC,11:32:43.632022,0.01648632250726223,0.021122954785823822,0.9760059118270874
MAG,11:32:43.632022,-60.76950454711914,-53.83867263793945,27.165494918823242
GYRO,11:32:43.687463,-0.0003747865557670593,-0.0013407040387392044,0.003730778582394123
ACC,11:32:43.687463,0.017940998077392578,0.01990899071097374,0.9745436906814575
MAG,11:32:43.687463,-60.97645568847656,-53.753807067871094,27.044719696044922
GYRO,11:32:43.741924,0.007315985858440399,-0.001634674146771431,0.004121348261833191
ACC,11:32:43.741924,0.01745610684156418,0.02063736878335476,0.973325252532959
MAG,11:32:43.741924,-60.83649444580078,-53.75392150878906,27.01419448852539
GYRO,11:32:43.795752,0.0021427422761917114,0.001103891059756279,0.0036269016563892365
ACC,11:32:43.795752,0.01745610684156418,0.0220941249281168,0.9760059118270874
MAG,11:32:43.795752,-60.67683792114258,-53.96690368652344,27.062360763549805
GYRO,11:32:43.839277,0.0027724727988243103,-0.0016536135226488113,0.0034420425072312355
ACC,11:32:43.839277,0.01769855059683323,0.019423406571149826,0.974299967288971
MAG,11:32:43.839277,-61.002037048339844,-54.11787414550781,26.884912490844727
GYRO,11:32:43.893847,0.007478997111320496,0.00016976892948150635,0.0017550960183143616
ACC,11:32:43.893847,0.019395673647522926,0.021122954785823822,0.9757621884346008
MAG,11:32:43.893847,-60.999298095703125,-54.38517761230469,27.08216094970703
GYRO,11:32:43.943061,0.0014874711632728577,0.0025839339941740036,0.003104561008512974
ACC,11:32:43.943061,0.018183445557951927,0.020394576713442802,0.9750310778617859
MAG,11:32:43.943061,-61.33872985839844,-54.25649642944336,27.39769744873047
GYRO,11:32:43.995563,0.006453290581703186,5.3435564041137695e-05,0.002360224723815918
ACC,11:32:43.995563,0.019153228029608727,0.021122954785823822,0.9752748012542725
MAG,11:32:43.995563,-61.18421936035156,-54.497196197509766,27.337697982788086
GYRO,11:32:44.041057,-0.000968344509601593,-0.0002744942903518677,0.0028538182377815247
ACC,11:32:44.041057,0.01721366122364998,0.017481066286563873,0.9764932990074158
MAG,11:32:44.041057,-60.63966369628906,-54.29646301269531,27.076814651489258
GYRO,11:32:44.085194,0.005845397710800171,0.002101641148328781,0.0036531826481223106
ACC,11:32:44.085194,0.018425889313220978,0.0220941249281168,0.9745436906814575
MAG,11:32:44.085194,-60.51738739013672,-54.34445571899414,27.5162410736084
GYRO,11:32:44.134750,0.0014475509524345398,0.0014971103519201279,0.001394699327647686
ACC,11:32:44.134750,0.01624387688934803,0.01918061450123787,0.9738126397132874
MAG,11:32:44.134750,-60.823577880859375,-54.225399017333984,27.493553161621094
GYRO,11:32:44.181893,0.0004444420337677002,-0.0009297151118516922,0.0025015994906425476
ACC,11:32:44.181893,0.018425889313220978,0.0220941249281168,0.9745436906814575
MAG,11:32:44.181893,-60.81494903564453,-54.262081146240234,27.157583236694336
GYRO,11:32:44.227119,0.0009777545928955078,0.0006374679505825043,0.0035535376518964767
ACC,11:32:44.227119,0.018910780549049377,0.02063736878335476,0.973325252532959
MAG,11:32:44.227119,-60.982696533203125,-54.33830261230469,26.688148498535156
GYRO,11:32:44.274413,0.005414009094238281,-0.00029015541076660156,0.0019160714000463486
ACC,11:32:44.274413,0.018183445557951927,0.0220941249281168,0.973325252532959
MAG,11:32:44.274413,-60.77354049682617,-54.01895523071289,26.82276725769043
GYRO,11:32:44.320456,0.002578236162662506,0.0008905194699764252,0.002131556160748005
ACC,11:32:44.320456,0.018668334931135178,0.020394576713442802,0.9745436906814575
MAG,11:32:44.320456,-60.66657257080078,-53.813812255859375,26.769685745239258
GYRO,11:32:44.363744,0.003611743450164795,-0.0006699282675981522,0.0017805881798267365
ACC,11:32:44.363744,0.01672876812517643,0.021608538925647736,0.9760059118270874
MAG,11:32:44.363744,-60.847774505615234,-53.8540153503418,26.56218910217285
GYRO,11:32:44.412454,0.005579695105552673,0.0002088341861963272,0.0022778529673814774
ACC,11:32:44.412454,0.01721366122364998,0.020151784643530846,0.9764932990074158
MAG,11:32:44.412454,-60.80574035644531,-53.8929557800293,26.51020622253418
GYRO,11:32:44.459788,0.0017747506499290466,-0.0010128095746040344,0.0024700136855244637
ACC,11:32:44.459788,0.01745610684156418,0.02063736878335476,0.9757621884346008
MAG,11:32:44.459788,-60.51498031616211,-53.917564392089844,26.727399826049805
GYRO,11:32:44.502080,0.0014365985989570618,-0.0018733330070972443,0.0011763013899326324
ACC,11:32:44.502080,0.018183445557951927,0.020880160853266716,0.972594141960144
MAG,11:32:44.502080,-60.8475341796875,-53.79767990112305,26.27972984313965
GYRO,11:32:44.545503,-0.0011273548007011414,0.0008166711777448654,0.0019889390096068382
ACC,11:32:44.545503,0.017940998077392578,0.01990899071097374,0.974299967288971
MAG,11:32:44.545503,-61.073646545410156,-53.847999572753906,26.854642868041992
GYRO,11:32:44.590612,0.0021266043186187744,0.00047134608030319214,0.0019003413617610931
ACC,11:32:44.590612,0.01648632250726223,0.020394576713442802,0.9747873544692993
MAG,11:32:44.590612,-61.20222091674805,-53.829864501953125,26.361196517944336
GYRO,11:32:44.634507,-0.0008414313197135925,-0.001618785783648491,0.0009053125977516174
ACC,11:32:44.634507,0.018425889313220978,0.01845223642885685,0.9747873544692993
MAG,11:32:44.634507,-61.363895416259766,-54.114967346191406,26.62290382385254
GYRO,11:32:44.684087,0.003959402441978455,-0.00011719204485416412,0.001140710897743702
ACC,11:32:44.684087,0.01769855059683323,0.02136574685573578,0.9730815291404724
MAG,11:32:44.684087,-61.28017807006836,-54.05470275878906,27.144271850585938
GYRO,11:32:44.730821,-0.0023228079080581665,-0.00012113526463508606,0.001704690046608448
ACC,11:32:44.730821,0.01697121374309063,0.020394576713442802,0.974299967288971
MAG,11:32:44.730821,-61.25751495361328,-54.011722564697266,26.942655563354492
GYRO,11:32:44.776114,0.003667108714580536,0.0010714326053857803,0.0010295016691088676
ACC,11:32:44.776114,0.020365456119179726,0.020151784643530846,0.9728378057479858
MAG,11:32:44.776114,-61.378231048583984,-54.17851638793945,26.700498580932617
GYRO,11:32:44.820107,0.000222131609916687,0.00014214403927326202,0.00095322635024786
ACC,11:32:44.820107,0.018425889313220978,0.02063736878335476,0.9718630313873291
MAG,11:32:44.820107,-61.37591552734375,-54.13311004638672,26.764493942260742
GYRO,11:32:44.871070,0.003138914704322815,0.0013160202652215958,0.0021373629570007324
ACC,11:32:44.871070,0.01672876812517643,0.020394576713442802,0.9750310778617859
MAG,11:32:44.871070,-61.277671813964844,-53.894874572753906,26.79790496826172
GYRO,11:32:44.920753,0.003979578614234924,-0.0007962267845869064,0.0011755842715501785
ACC,11:32:44.920753,0.018425889313220978,0.020394576713442802,0.974299967288971
MAG,11:32:44.920753,-61.190460205078125,-53.81375503540039,26.589473724365234
GYRO,11:32:44.967825,0.0004838705062866211,0.001620577648282051,0.0008270116522908211
ACC,11:32:44.967825,0.01745610684156418,0.020394576713442802,0.9752748012542725
MAG,11:32:44.967825,-60.82819366455078,-53.695716857910156,26.492734909057617
GYRO,11:32:45.012918,-0.0002107769250869751,0.000684080645442009,0.0019520474597811699
ACC,11:32:45.012918,0.018910780549049377,0.019423406571149826,0.9723504185676575
MAG,11:32:45.012918,-60.90528869628906,-53.52265930175781,26.828020095825195
GYRO,11:32:45.060331,0.0030981674790382385,0.0021765585988759995,0.001279568299651146
ACC,11:32:45.060331,0.018910780549049377,0.021122954785823822,0.9730815291404724
MAG,11:32:45.060331,-60.81755065917969,-53.46048355102539,26.063100814819336
GYRO,11:32:45.106247,0.002729058265686035,0.0006474815309047699,0.0015115514397621155
ACC,11:32:45.106247,0.018910780549049377,0.020151784643530846,0.9764932990074158
MAG,11:32:45.106247,-61.307029724121094,-53.175140380859375,26.236927032470703
GYRO,11:32:45.149597,-4.382431507110596e-05,0.0009505841881036758,-0.0003451649099588394
ACC,11:32:45.149597,0.018183445557951927,0.020880160853266716,0.972594141960144
MAG,11:32:45.149597,-60.9814567565918,-53.54460525512695,26.32561492919922
GYRO,11:32:45.198413,-0.0012427642941474915,-0.0002630036324262619,-0.0003583347424864769
ACC,11:32:45.198413,0.019153228029608727,0.021122954785823822,0.9750310778617859
MAG,11:32:45.198413,-61.066444396972656,-53.7282600402832,26.498790740966797
GYRO,11:32:45.245810,-2.512335777282715e-05,0.0009212028235197067,0.0005152439698576927
ACC,11:32:45.245810,0.01769855059683323,0.02063736878335476,0.9728378057479858
MAG,11:32:45.245810,-61.20472717285156,-53.75659942626953,26.78213882446289
GYRO,11:32:45.288166,0.00320994108915329,-0.0018121879547834396,0.0011103181168437004
ACC,11:32:45.288166,0.018425889313220978,0.02136574685573578,0.9752748012542725
MAG,11:32:45.288166,-61.22835159301758,-53.73796081542969,26.919849395751953
GYRO,11:32:45.331434,-0.0019492357969284058,-0.001207122579216957,0.0010854694992303848
ACC,11:32:45.331434,0.017940998077392578,0.019423406571149826,0.9711319208145142
MAG,11:32:45.331434,-61.314388275146484,-53.77956008911133,26.81932258605957
GYRO,11:32:45.376724,0.0019210055470466614,-0.00027640536427497864,0.0010516727343201637
ACC,11:32:45.376724,0.018183445557951927,0.019423406571149826,0.972594141960144
MAG,11:32:45.376724,-61.30038070678711,-53.94738006591797,26.642169952392578
GYRO,11:32:45.420514,0.0018609240651130676,-0.00023797526955604553,0.0007041106000542641
ACC,11:32:45.420514,0.01769855059683323,0.021122954785823822,0.9747873544692993
MAG,11:32:45.420514,-61.13325500488281,-54.15957260131836,26.61400032043457
GYRO,11:32:45.470166,0.0008422732353210449,-0.00022121518850326538,0.0006642406806349754
ACC,11:32:45.470166,0.019395673647522926,0.020394576713442802,0.9752748012542725
MAG,11:32:45.470166,-61.06256103515625,-54.183658599853516,26.008682250976562
GYRO,11:32:45.516975,0.0011504441499710083,0.00039573386311531067,0.001251925714313984
ACC,11:32:45.516975,0.01672876812517643,0.021608538925647736,0.9750310778617859
MAG,11:32:45.516975,-61.46799087524414,-54.2313346862793,25.8618221282959
GYRO,11:32:45.562241,0.00023289024829864502,0.0010117031633853912,0.0015250630676746368
ACC,11:32:45.562241,0.018183445557951927,0.020151784643530846,0.9752748012542725
MAG,11:32:45.562241,-61.29619598388672,-54.027442932128906,25.77024269104004
GYRO,11:32:45.608472,0.0013623908162117004,0.00042108818888664246,0.001504463143646717
ACC,11:32:45.608472,0.018425889313220978,0.021122954785823822,0.9762495756149292
MAG,11:32:45.608472,-61.15499496459961,-53.84451675415039,26.313966751098633
GYRO,11:32:45.654538,0.0010544434189796448,-0.0011011138558387756,-0.0003267508000135422
ACC,11:32:45.654538,0.018425889313220978,0.020151784643530846,0.9738126397132874
MAG,11:32:45.654538,-60.98362350463867,-54.027503967285156,26.510910034179688
GYRO,11:32:45.703954,-0.0017005279660224915,-0.0011068321764469147,0.0005603190511465073
ACC,11:32:45.703954,0.01769855059683323,0.020151784643530846,0.9740563035011292
MAG,11:32:45.703954,-60.95781707763672,-54.16714859008789,26.456098556518555
GYRO,11:32:45.749895,-0.0007900968194007874,0.00047948211431503296,0.0011280905455350876
ACC,11:32:45.749895,0.018910780549049377,0.020880160853266716,0.9738126397132874
MAG,11:32:45.749895,-60.95138168334961,-54.23551940917969,26.974163055419922
GYRO,11:32:45.792997,0.0019666552543640137,-0.0004152432084083557,-0.00011885445564985275
ACC,11:32:45.792997,0.019153228029608727,0.021608538925647736,0.9760059118270874
MAG,11:32:45.792997,-60.8135986328125,-54.200740814208984,27.150110244750977
GYRO,11:32:45.844237,0.0019341707229614258,-0.0010255370289087296,0.0010731788352131844
ACC,11:32:45.844237,0.018183445557951927,0.019666196778416634,0.9740563035011292
MAG,11:32:45.844237,-60.65306091308594,-53.98889923095703,26.910959243774414
GYRO,11:32:45.894126,-0.0035973042249679565,-0.00039882026612758636,0.0004445258527994156
ACC,11:32:45.894126,0.01769855059683323,0.019666196778416634,0.9755184650421143
MAG,11:32:45.894126,-60.607452392578125,-53.88924789428711,26.89328384399414
GYRO,11:32:45.945081,9.350478649139404e-06,0.0005118399858474731,0.0010531144216656685
ACC,11:32:45.945081,0.01769855059683323,0.02063736878335476,0.9706445932388306
MAG,11:32:45.945081,-60.5556640625,-53.97919464111328,26.704410552978516
GYRO,11:32:45.994181,-0.0008217841386795044,-0.002196038141846657,-0.0007709488272666931
ACC,11:32:45.994181,0.01745610684156418,0.02063736878335476,0.9752748012542725
MAG,11:32:45.994181,-60.468868255615234,-54.041622161865234,26.373205184936523
GYRO,11:32:46.041755,-0.0018022134900093079,-0.0009711738675832748,0.00042330101132392883
ACC,11:32:46.041755,0.018183445557951927,0.02063736878335476,0.973325252532959
MAG,11:32:46.041755,-60.60945129394531,-54.112083435058594,26.18199348449707
GYRO,11:32:46.087910,0.0015355944633483887,-0.0012536924332380295,0.0012880712747573853
ACC,11:32:46.087910,0.018668334931135178,0.020151784643530846,0.9757621884346008
MAG,11:32:46.087910,-60.778472900390625,-54.10597610473633,26.23931121826172
GYRO,11:32:46.135223,0.0008941143751144409,0.0002950727939605713,-0.00024229474365711212
ACC,11:32:46.135223,0.018183445557951927,0.01990899071097374,0.9708882570266724
MAG,11:32:46.135223,-61.178558349609375,-53.93406295776367,26.51580238342285
GYRO,11:32:46.180644,-0.00026595592498779297,0.0002703499048948288,0.0003604777157306671
ACC,11:32:46.180644,0.018910780549049377,0.02063736878335476,0.973325252532959
MAG,11:32:46.180644,-61.07441329956055,-54.05485916137695,26.03836441040039
GYRO,11:32:46.228335,-0.0012538433074951172,-0.00028872862458229065,-0.00026842672377824783
ACC,11:32:46.228335,0.01769855059683323,0.01990899071097374,0.9711319208145142
MAG,11:32:46.228335,-61.20817565917969,-54.18439483642578,26.32355499267578
GYRO,11:32:46.274467,0.0007707104086875916,0.0003012046217918396,-0.00028009992092847824
ACC,11:32:46.274467,0.019153228029608727,0.0220941249281168,0.9747873544692993
MAG,11:32:46.274467,-61.03007125854492,-54.17081069946289,25.721145629882812
GYRO,11:32:46.325261,-0.00047819316387176514,0.0018081236630678177,-0.0005866149440407753
ACC,11:32:46.325261,0.01697121374309063,0.020151784643530846,0.9755184650421143
MAG,11:32:46.325261,-60.885093688964844,-53.942840576171875,25.34588050842285
GYRO,11:32:46.374707,0.00020617246627807617,0.0017734896391630173,0.0006085047498345375
ACC,11:32:46.374707,0.018183445557951927,0.020880160853266716,0.9752748012542725
MAG,11:32:46.374707,-60.73334884643555,-53.9114990234375,25.35228157043457
GYRO,11:32:46.422259,-0.004263363778591156,0.0011797565966844559,0.0003079799935221672
ACC,11:32:46.422259,0.01697121374309063,0.019666196778416634,0.9757621884346008
MAG,11:32:46.422259,-60.733619689941406,-53.95924758911133,25.575637817382812
GYRO,11:32:46.468696,-2.7976930141448975e-05,-9.498558938503265e-05,0.0009032338857650757
ACC,11:32:46.468696,0.01745610684156418,0.021851330995559692,0.9752748012542725
MAG,11:32:46.468696,-60.86390686035156,-54.08636474609375,25.53376007080078
GYRO,11:32:46.519585,0.00033342093229293823,0.0005200766026973724,-0.00032280944287776947
ACC,11:32:46.519585,0.018668334931135178,0.01990899071097374,0.9728378057479858
MAG,11:32:46.519585,-60.90962219238281,-54.02595901489258,25.65366554260254
GYRO,11:32:46.568728,-8.471310138702393e-06,-0.0016028378158807755,-0.0003068055957555771
ACC,11:32:46.568728,0.018668334931135178,0.01990899071097374,0.9752748012542725
MAG,11:32:46.568728,-60.9518928527832,-53.98777389526367,25.716167449951172
GYRO,11:32:46.612526,-0.0008894428610801697,0.0020947642624378204,0.0009095165878534317
ACC,11:32:46.612526,0.017940998077392578,0.021851330995559692,0.9738126397132874
MAG,11:32:46.612526,-60.80685806274414,-53.92000198364258,25.844688415527344
GYRO,11:32:46.662263,-0.002101294696331024,0.0005894210189580917,0.0002839313820004463
ACC,11:32:46.662263,0.01672876812517643,0.020880160853266716,0.9740563035011292
MAG,11:32:46.662263,-60.640655517578125,-53.77634048461914,26.10618019104004
GYRO,11:32:46.709480,-0.0011365041136741638,0.0002450142055749893,-0.0006308741867542267
ACC,11:32:46.709480,0.018183445557951927,0.019666196778416634,0.974299967288971
MAG,11:32:46.709480,-60.79144287109375,-53.7958984375,25.970951080322266
GYRO,11:32:46.754748,0.004544943571090698,0.0017294008284807205,0.0005663558840751648
ACC,11:32:46.754748,0.019638117402791977,0.01990899071097374,0.9764932990074158
MAG,11:32:46.754748,-60.79778289794922,-53.847652435302734,25.728055953979492
GYRO,11:32:46.795147,0.00029062479734420776,0.00019237957894802094,-5.7528726756572723e-05
ACC,11:32:46.795147,0.018425889313220978,0.02136574685573578,0.974299967288971
MAG,11:32:46.795147,-60.99597930908203,-54.093055725097656,26.15587043762207
GYRO,11:32:46.842918,0.002098195254802704,-0.00041750259697437286,-0.0003751646727323532
ACC,11:32:46.842918,0.017940998077392578,0.019423406571149826,0.972594141960144
MAG,11:32:46.842918,-60.87998580932617,-54.125152587890625,26.231199264526367
GYRO,11:32:46.885539,0.0026147887110710144,0.002616284415125847,-0.0006618257611989975
ACC,11:32:46.885539,0.018425889313220978,0.020151784643530846,0.9777117371559143
MAG,11:32:46.885539,-60.6490592956543,-54.15330505371094,25.975383758544922
GYRO,11:32:46.929013,0.0031452104449272156,0.000144151970744133,0.0023539597168564796
ACC,11:32:46.929013,0.017940998077392578,0.02136574685573578,0.9764932990074158
MAG,11:32:46.929013,-60.64931106567383,-54.097373962402344,26.17403221130371
GYRO,11:32:46.974438,-0.0008239373564720154,0.0010429490357637405,-0.00011004414409399033
ACC,11:32:46.974438,0.01769855059683323,0.020151784643530846,0.974299967288971
MAG,11:32:46.974438,-60.80006790161133,-54.03440856933594,26.30646514892578
GYRO,11:32:47.021980,0.005482830107212067,0.0007308106869459152,-9.945686906576157e-05
ACC,11:32:47.021980,0.018668334931135178,0.02136574685573578,0.973325252532959
MAG,11:32:47.021980,-60.864131927490234,-53.9774055480957,26.10634994506836
GYRO,11:32:47.068319,0.0012070909142494202,0.0004043746739625931,-0.00011950638145208359
ACC,11:32:47.068319,0.018425889313220978,0.020880160853266716,0.973325252532959
MAG,11:32:47.068319,-61.052162170410156,-53.87091827392578,25.648975372314453
GYRO,11:32:47.118830,0.0005965232849121094,0.0009805578738451004,0.0019835522398352623
ACC,11:32:47.118830,0.017940998077392578,0.01918061450123787,0.9738126397132874
MAG,11:32:47.118830,-61.22911071777344,-53.97706604003906,25.266630172729492
GYRO,11:32:47.164338,0.001757793128490448,-0.0008399076759815216,-0.000482107512652874
ACC,11:32:47.164338,0.018668334931135178,0.019423406571149826,0.9750310778617859
MAG,11:32:47.164338,-60.9555778503418,-53.872501373291016,25.329286575317383
GYRO,11:32:47.208372,0.003817826509475708,0.00032293982803821564,0.00042292848229408264
ACC,11:32:47.208372,0.018910780549049377,0.02136574685573578,0.9755184650421143
MAG,11:32:47.208372,-60.63457489013672,-53.72587203979492,25.532182693481445
GYRO,11:32:47.254954,0.0023725852370262146,-0.000879041850566864,-0.0007841801270842552
ACC,11:32:47.254954,0.018425889313220978,0.017966650426387787,0.9716193079948425
MAG,11:32:47.254954,-60.54757308959961,-53.540992736816406,26.060577392578125
GYRO,11:32:47.305532,0.004742138087749481,0.0009211655706167221,-0.0001796092838048935
ACC,11:32:47.305532,0.018183445557951927,0.0220941249281168,0.9730815291404724
MAG,11:32:47.305532,-60.75167465209961,-53.56618118286133,26.234838485717773
GYRO,11:32:47.355004,0.001359008252620697,0.000315273180603981,-0.000821349211037159
ACC,11:32:47.355004,0.019395673647522926,0.020394576713442802,0.974299967288971
MAG,11:32:47.355004,-60.640254974365234,-53.6097412109375,26.333986282348633
GYRO,11:32:47.398851,0.0019071102142333984,-0.0011017601937055588,-0.0008107414469122887
ACC,11:32:47.398851,0.019153228029608727,0.020151784643530846,0.9745436906814575
MAG,11:32:47.398851,-60.53349304199219,-53.5307731628418,26.20572280883789
GYRO,11:32:47.448744,0.002538062632083893,0.00035939738154411316,0.00011033192276954651
ACC,11:32:47.448744,0.019153228029608727,0.020880160853266716,0.9747873544692993
MAG,11:32:47.448744,-60.62461853027344,-53.67683410644531,26.62430191040039
GYRO,11:32:47.499362,0.0003355443477630615,0.00036185234785079956,-0.0004758033901453018
ACC,11:32:47.499362,0.019153228029608727,0.020880160853266716,0.9755184650421143
MAG,11:32:47.499362,-60.682926177978516,-53.88117980957031,26.731159210205078
GYRO,11:32:47.546240,0.0007443651556968689,-0.0008573681116104126,0.0007036449387669563
ACC,11:32:47.546240,0.018425889313220978,0.02063736878335476,0.9755184650421143
MAG,11:32:47.546240,-60.805755615234375,-53.88991928100586,26.470552444458008
GYRO,11:32:47.595335,-0.0008545964956283569,0.0010020751506090164,-0.0014282874763011932
ACC,11:32:47.595335,0.018425889313220978,0.021122954785823822,0.9752748012542725
MAG,11:32:47.595335,-60.89432144165039,-53.88165283203125,26.05849266052246
GYRO,11:32:47.638075,-0.0016930997371673584,-0.00022886879742145538,9.388942271471024e-05
ACC,11:32:47.638075,0.019153228029608727,0.020394576713442802,0.9745436906814575
MAG,11:32:47.638075,-60.79755783081055,-54.06700134277344,25.9815731048584
GYRO,11:32:47.681295,-0.0004977062344551086,-0.000497717410326004,-0.0008067861199378967
ACC,11:32:47.681295,0.018183445557951927,0.020151784643530846,0.973325252532959
MAG,11:32:47.681295,-60.80189514160156,-54.372406005859375,26.036136627197266
GYRO,11:32:47.726475,0.0028259754180908203,9.239651262760162e-05,0.0003992505371570587
ACC,11:32:47.726475,0.018183445557951927,0.018937820568680763,0.9755184650421143
MAG,11:32:47.726475,-60.73804473876953,-54.047508239746094,25.759693145751953
GYRO,11:32:47.770355,0.0006438270211219788,0.0018495749682188034,-0.00021130312234163284
ACC,11:32:47.770355,0.018910780549049377,0.021851330995559692,0.9755184650421143
MAG,11:32:47.770355,-60.95256042480469,-54.59333419799805,25.852031707763672
GYRO,11:32:47.820966,0.001888476312160492,0.0009320918470621109,-0.0005360310897231102
ACC,11:32:47.820966,0.018425889313220978,0.018937820568680763,0.9750310778617859
MAG,11:32:47.820966,-60.828826904296875,-54.36716842651367,25.819599151611328
GYRO,11:32:47.870641,1.8037855625152588e-05,0.0003355834633111954,0.0009618429467082024
ACC,11:32:47.870641,0.01745610684156418,0.019423406571149826,0.9769806265830994
MAG,11:32:47.870641,-60.71994400024414,-54.19800567626953,26.115537643432617
GYRO,11:32:47.913966,-0.001469545066356659,0.0005794614553451538,6.339047104120255e-05
ACC,11:32:47.913966,0.01600143127143383,0.02063736878335476,0.9750310778617859
MAG,11:32:47.913966,-60.616817474365234,-54.183475494384766,26.390270233154297
GYRO,11:32:47.963012,0.0022116154432296753,-0.0009205657988786697,-0.0002502305433154106
ACC,11:32:47.963012,0.01721366122364998,0.020151784643530846,0.9760059118270874
MAG,11:32:47.963012,-60.58976745605469,-54.108638763427734,26.219125747680664
GYRO,11:32:48.006867,0.0019015893340110779,0.002688458189368248,0.0006830068305134773
ACC,11:32:48.006867,0.017940998077392578,0.02136574685573578,0.9752748012542725
MAG,11:32:48.006867,-60.637535095214844,-53.97661590576172,26.296058654785156
GYRO,11:32:48.057061,0.005085378885269165,-0.00041232071816921234,0.00035380851477384567
ACC,11:32:48.057061,0.01769855059683323,0.020394576713442802,0.974299967288971
MAG,11:32:48.057061,-60.74838638305664,-53.99843978881836,26.569786071777344
GYRO,11:32:48.103824,-0.0012633353471755981,-0.0007519777864217758,-0.0014405474066734314
ACC,11:32:48.103824,0.018668334931135178,0.018937820568680763,0.9730815291404724
MAG,11:32:48.103824,-60.85258483886719,-54.01497268676758,26.77079963684082
GYRO,11:32:48.149004,-0.0009601190686225891,0.0028186626732349396,0.0001173112541437149
ACC,11:32:48.149004,0.018668334931135178,0.022579709067940712,0.9750310778617859
MAG,11:32:48.149004,-60.93697738647461,-53.951560974121094,26.810665130615234
GYRO,11:32:48.192762,-0.0031397640705108643,0.0009873099625110626,0.00014640018343925476
ACC,11:32:48.192762,0.01624387688934803,0.01990899071097374,0.9750310778617859
MAG,11:32:48.192762,-60.83174133300781,-53.98440933227539,26.771556854248047
GYRO,11:32:48.242397,-0.00010661035776138306,-0.0014288704842329025,-0.0004617106169462204
ACC,11:32:48.242397,0.018910780549049377,0.020151784643530846,0.9738126397132874
MAG,11:32:48.242397,-60.950618743896484,-54.13695526123047,26.841890335083008
GYRO,11:32:48.285674,0.002331346273422241,0.00042357295751571655,-0.0007539205253124237
ACC,11:32:48.285674,0.01769855059683323,0.019423406571149826,0.9745436906814575
MAG,11:32:48.285674,-60.785850524902344,-54.066810607910156,26.792200088500977
GYRO,11:32:48.331087,0.0034818127751350403,-0.0007989611476659775,0.0010603563860058784
ACC,11:32:48.331087,0.01721366122364998,0.0220941249281168,0.9772243499755859
MAG,11:32:48.331087,-60.818458557128906,-53.83401107788086,25.907812118530273
GYRO,11:32:48.374901,-0.0038227885961532593,0.00010159611701965332,0.0013532554730772972
ACC,11:32:48.374901,0.020607901737093925,0.018695026636123657,0.9718630313873291
MAG,11:32:48.374901,-60.768497467041016,-53.73780059814453,26.008087158203125
GYRO,11:32:48.420813,0.0013416260480880737,-0.0014051031321287155,9.968411177396774e-05
ACC,11:32:48.420813,0.018425889313220978,0.02063736878335476,0.9745436906814575
MAG,11:32:48.420813,-60.950111389160156,-53.936683654785156,26.215482711791992
GYRO,11:32:48.471107,0.0019160881638526917,0.001597568392753601,0.0009956387802958488
ACC,11:32:48.471107,0.01672876812517643,0.01990899071097374,0.9769806265830994
MAG,11:32:48.471107,-60.93943405151367,-54.056854248046875,26.733625411987305
GYRO,11:32:48.516504,0.0023962855339050293,0.0015332475304603577,-0.0005650594830513
ACC,11:32:48.516504,0.01697121374309063,0.020151784643530846,0.972594141960144
MAG,11:32:48.516504,-60.9744873046875,-53.999637603759766,26.481792449951172
GYRO,11:32:48.567158,-0.002117164433002472,0.0006062984466552734,0.0003487970679998398
ACC,11:32:48.567158,0.017940998077392578,0.02136574685573578,0.9755184650421143
MAG,11:32:48.567158,-61.1708869934082,-53.996273040771484,26.390958786010742
GYRO,11:32:48.615326,0.002923235297203064,0.0003010071814060211,-0.00021400116384029388
ACC,11:32:48.615326,0.017940998077392578,0.02063736878335476,0.9760059118270874
MAG,11:32:48.615326,-61.21968460083008,-53.90677261352539,26.79740333557129
GYRO,11:32:48.666904,0.0011421367526054382,-2.3972243070602417e-05,-0.0010846098884940147
ACC,11:32:48.666904,0.018668334931135178,0.02063736878335476,0.9745436906814575
MAG,11:32:48.666904,-60.917144775390625,-53.885074615478516,26.4215087890625
GYRO,11:32:48.716732,-0.000436343252658844,-0.0021249614655971527,-0.001951923593878746
ACC,11:32:48.716732,0.018183445557951927,0.020394576713442802,0.9757621884346008
MAG,11:32:48.716732,-60.67250442504883,-53.80635452270508,26.1053409576416
GYRO,11:32:48.764724,0.0007666349411010742,-0.0011436957865953445,0.0013980939984321594
ACC,11:32:48.764724,0.018183445557951927,0.020151784643530846,0.973325252532959
MAG,11:32:48.764724,-60.78394317626953,-53.79692840576172,26.177104949951172
GYRO,11:32:48.812740,-0.0015640035271644592,-0.002313084900379181,-0.0004328945651650429
ACC,11:32:48.812740,0.017940998077392578,0.020151784643530846,0.9730815291404724
MAG,11:32:48.812740,-60.02587127685547,-54.02845764160156,26.35760498046875
GYRO,11:32:48.855724,-0.000680781900882721,0.00014914944767951965,0.0001592244952917099
ACC,11:32:48.855724,0.017940998077392578,0.019666196778416634,0.9740563035011292
MAG,11:32:48.855724,-60.093048095703125,-54.12373352050781,26.313594818115234
GYRO,11:32:49.398496,0.0014146864414215088,0.0013381615281105042,-0.00016402453184127808
ACC,11:32:49.398496,0.01745610684156418,0.020394576713442802,0.9735689163208008
MAG,11:32:49.398496,-60.50652313232422,-54.15047073364258,26.554704666137695
GYRO,11:32:49.587114,-0.0004574209451675415,-0.00021436624228954315,0.0004595927894115448
ACC,11:32:49.587114,0.01745610684156418,0.020880160853266716,0.9755184650421143
MAG,11:32:49.587114,-60.74000930786133,-54.08012390136719,26.72154426574707
GYRO,11:32:49.633595,-0.000399664044380188,-0.0013750772923231125,0.0001812521368265152
ACC,11:32:49.633595,0.018668334931135178,0.018937820568680763,0.9738126397132874
MAG,11:32:49.633595,-60.707218170166016,-53.98823928833008,26.687772750854492
GYRO,11:32:49.681623,-0.0010207295417785645,0.0007654167711734772,0.00048770662397146225
ACC,11:32:49.681623,0.017940998077392578,0.020880160853266716,0.9738126397132874
MAG,11:32:49.681623,-60.64494705200195,-53.87387466430664,26.62800407409668
GYRO,11:32:49.732158,-0.002826415002346039,-0.00016350112855434418,-0.0006876233965158463
ACC,11:32:49.732158,0.01672876812517643,0.021122954785823822,0.9764932990074158
MAG,11:32:49.732158,-60.708946228027344,-53.93822479248047,26.988975524902344
GYRO,11:32:50.277089,-0.0003827884793281555,0.0019743628799915314,0.00022877007722854614
ACC,11:32:50.277089,0.019395673647522926,0.02063736878335476,0.9762495756149292
MAG,11:32:50.277089,-60.65192794799805,-53.93809509277344,26.991226196289062
GYRO,11:32:50.597075,0.0020605921745300293,0.000752519816160202,0.00022881478071212769
ACC,11:32:50.597075,0.01769855059683323,0.021608538925647736,0.974299967288971
MAG,11:32:50.597075,-60.522117614746094,-53.91274642944336,27.23586082458496
GYRO,11:32:50.644041,0.0008387565612792969,0.0010578110814094543,0.0005341637879610062
ACC,11:32:50.644041,0.01697121374309063,0.021851330995559692,0.9752748012542725
MAG,11:32:50.644041,-60.54508590698242,-53.897953033447266,27.195518493652344
GYRO,11:32:50.695649,0.00022736936807632446,-0.000774899497628212,0.0008396143093705177
ACC,11:32:50.695649,0.01769855059683323,0.021608538925647736,0.9762495756149292
MAG,11:32:50.695649,-60.2599983215332,-53.646034240722656,26.807655334472656
GYRO,11:32:50.746450,-0.0006886273622512817,-0.0016910266131162643,-0.00038212258368730545
ACC,11:32:50.746450,0.019638117402791977,0.01990899071097374,0.9738126397132874
MAG,11:32:50.746450,-60.198516845703125,-53.5440559387207,26.843528747558594
GYRO,11:32:51.293139,-0.0006887838244438171,0.0016684122383594513,0.0017557712271809578
ACC,11:32:51.293139,0.018183445557951927,0.020394576713442802,0.972594141960144
MAG,11:32:51.293139,-60.24981689453125,-53.73760986328125,26.687484741210938
GYRO,11:32:51.587279,-0.004353523254394531,0.001363072544336319,0.0002286527305841446
ACC,11:32:51.587279,0.018183445557951927,0.018209444358944893,0.9750310778617859
MAG,11:32:51.587279,-60.40526580810547,-53.698890686035156,27.181468963623047
GYRO,11:32:51.633247,0.0020600706338882446,0.0013629831373691559,-0.00038221944123506546
ACC,11:32:51.633247,0.018425889313220978,0.02136574685573578,0.9750310778617859
MAG,11:32:51.633247,-60.518821716308594,-53.638755798339844,27.605443954467773
GYRO,11:32:51.684843,0.0020595788955688477,0.0004467032849788666,-0.000382252037525177
ACC,11:32:51.684843,0.018183445557951927,0.019666196778416634,0.9762495756149292
MAG,11:32:51.684843,-60.615596771240234,-53.5507698059082,27.369895935058594
GYRO,11:32:51.735581,0.0020593181252479553,0.00014121085405349731,-7.677357643842697e-05
ACC,11:32:51.735581,0.018183445557951927,0.02063736878335476,0.9738126397132874
MAG,11:32:51.735581,-60.65031433105469,-53.50883865356445,27.24048614501953
GYRO,11:32:52.282725,-0.0013001114130020142,0.0007516555488109589,-0.0006876960396766663
ACC,11:32:52.282725,0.01721366122364998,0.020151784643530846,0.9767369627952576
MAG,11:32:52.282725,-60.35275650024414,-53.33586883544922,26.711584091186523
GYRO,11:32:52.597115,-0.0016056746244430542,0.00014057382941246033,-7.688906043767929e-05
ACC,11:32:52.597115,0.01745610684156418,0.020394576713442802,0.972594141960144
MAG,11:32:52.597115,-60.26871871948242,-53.47879409790039,26.680198669433594
GYRO,11:32:52.646784,0.001143030822277069,-0.0007757078856229782,-0.0003824559971690178
ACC,11:32:52.646784,0.018425889313220978,0.021851330995559692,0.9745436906814575
MAG,11:32:52.646784,-60.9332160949707,-53.33081817626953,26.989046096801758
GYRO,11:32:52.694731,-0.0006898045539855957,-0.002608027309179306,0.0005337847396731377
ACC,11:32:52.694731,0.01697121374309063,0.01990899071097374,0.9760059118270874
MAG,11:32:52.694731,-61.10623550415039,-53.12714385986328,26.987598419189453
GYRO,11:32:52.741414,-0.002827957272529602,0.0010570771992206573,-0.000993281602859497
ACC,11:32:52.741414,0.018183445557951927,0.020880160853266716,0.9760059118270874
MAG,11:32:52.741414,-60.66117477416992,-53.00277328491211,26.87969970703125
GYRO,11:32:53.287859,0.00266990065574646,0.001973416656255722,-7.681082934141159e-05
ACC,11:32:53.287859,0.018668334931135178,0.020151784643530846,0.9747873544692993
MAG,11:32:53.287859,-60.63941192626953,-53.52726364135742,26.789838790893555
GYRO,11:32:53.588938,-0.0022171512246131897,0.001973353326320648,-7.689371705055237e-05
ACC,11:32:53.588938,0.01672876812517643,0.02136574685573578,0.9760059118270874
MAG,11:32:53.588938,-60.586280822753906,-53.44666290283203,26.990812301635742
GYRO,11:32:53.631408,-0.001606270670890808,-0.0001646820455789566,-0.0006875339895486832
ACC,11:32:53.631408,0.017940998077392578,0.02063736878335476,0.9718630313873291
MAG,11:32:53.631408,-60.633079528808594,-53.39149475097656,27.389522552490234
GYRO,11:32:53.672275,-0.003133445978164673,-0.001386040821671486,-0.0019091181457042694
ACC,11:32:53.672275,0.018183445557951927,0.01990899071097374,0.9755184650421143
MAG,11:32:53.672275,-60.75535202026367,-53.563690185546875,27.56106185913086
GYRO,11:32:53.718660,0.00022676587104797363,-0.0010805930942296982,-7.65286386013031e-05
ACC,11:32:53.718660,0.018183445557951927,0.020880160853266716,0.9730815291404724
MAG,11:32:53.718660,-60.92720031738281,-53.811424255371094,27.2822322845459
GYRO,11:32:53.765512,-0.00038439035415649414,-0.0004698392003774643,-0.000992574729025364
ACC,11:32:53.765512,0.01721366122364998,0.02063736878335476,0.9747873544692993
MAG,11:32:53.765512,-60.68096160888672,-53.44679641723633,26.72078514099121
GYRO,11:32:54.311890,-0.0013008415699005127,0.0022788159549236298,0.0002291230484843254
ACC,11:32:54.311890,0.017940998077392578,0.020394576713442802,0.9713756442070007
MAG,11:32:54.311890,-60.67251968383789,-53.75407028198242,26.6433162689209
GYRO,11:32:54.597484,0.002058863639831543,-0.001691741868853569,-0.0003816979005932808
ACC,11:32:54.597484,0.01672876812517643,0.020394576713442802,0.9755184650421143
MAG,11:32:54.597484,-60.750423431396484,-53.698219299316406,26.57465171813965
GYRO,11:32:54.644222,-0.00038401782512664795,-0.00047025270760059357,-0.0003814995288848877
ACC,11:32:54.644222,0.01745610684156418,0.021122954785823822,0.9747873544692993
MAG,11:32:54.644222,-60.85166931152344,-53.70582580566406,26.580074310302734
GYRO,11:32:54.695930,0.005418330430984497,0.0019728615880012512,0.00022928230464458466
ACC,11:32:54.695930,0.019880564883351326,0.019666196778416634,0.9755184650421143
MAG,11:32:54.695930,-60.93800735473633,-53.67306900024414,26.701065063476562
GYRO,11:32:54.738926,0.004196427762508392,-0.0001651998609304428,0.0017563365399837494
ACC,11:32:54.738926,0.017940998077392578,0.02136574685573578,0.9728378057479858
MAG,11:32:54.738926,-60.6950569152832,-53.51484680175781,26.906932830810547
GYRO,11:32:55.281875,0.0008362233638763428,0.001972690224647522,-7.629115134477615e-05
ACC,11:32:55.281875,0.019395673647522926,0.021122954785823822,0.9757621884346008
MAG,11:32:55.281875,-60.904510498046875,-53.5234375,26.86677360534668
GYRO,11:32:55.587522,-0.002217821776866913,-0.001081494614481926,0.00022916030138731003
ACC,11:32:55.587522,0.018425889313220978,0.01990899071097374,0.9721066951751709
MAG,11:32:55.587522,-60.800376892089844,-53.564815521240234,26.082902908325195
GYRO,11:32:55.629926,-0.001606963574886322,-0.00016533397138118744,-7.609929889440536e-05
ACC,11:32:55.629926,0.01769855059683323,0.021608538925647736,0.9738126397132874
MAG,11:32:55.629926,-60.69820022583008,-53.79389953613281,25.90719223022461
GYRO,11:32:55.674956,0.000836104154586792,0.0013616383075714111,-0.000992095097899437
ACC,11:32:55.674956,0.018425889313220978,0.019666196778416634,0.9762495756149292
MAG,11:32:55.674956,-60.52493667602539,-54.12798309326172,26.03017234802246
GYRO,11:32:55.725040,-0.0013014599680900574,-0.00047106482088565826,-0.0006867451593279839
ACC,11:32:55.725040,0.01721366122364998,0.016752686351537704,0.9757621884346008
MAG,11:32:55.725040,-60.58659362792969,-54.293601989746094,25.772911071777344
GYRO,11:32:56.272038,-0.0037450864911079407,0.0001396089792251587,0.0002296222373843193
ACC,11:32:56.272038,0.01721366122364998,0.020394576713442802,0.9728378057479858
MAG,11:32:56.272038,-60.44926452636719,-54.231300354003906,26.11780548095703
GYRO,11:32:56.579826,-0.00618802011013031,0.001972068101167679,-7.579103112220764e-05
ACC,11:32:56.579826,0.01672876812517643,0.018937820568680763,0.9730815291404724
MAG,11:32:56.579826,-60.76862335205078,-53.89120101928711,26.28347396850586
GYRO,11:32:56.629341,0.0026675984263420105,0.00013938546180725098,0.0005351202562451363
ACC,11:32:56.629341,0.019880564883351326,0.020880160853266716,0.9774680733680725
MAG,11:32:56.629341,-60.49040603637695,-54.21910095214844,26.558921813964844
GYRO,11:32:56.680837,0.0023623108863830566,-0.00016610510647296906,-0.0003813132643699646
ACC,11:32:56.680837,0.01624387688934803,0.020394576713442802,0.9730815291404724
MAG,11:32:56.680837,-60.42369079589844,-54.16484069824219,26.36842155456543
GYRO,11:32:56.731297,0.0026677846908569336,0.002888057380914688,-0.0016029728576540947
ACC,11:32:56.731297,0.019880564883351326,0.022579709067940712,0.9762495756149292
MAG,11:32:56.731297,-60.14081954956055,-53.76918029785156,26.198694229125977
GYRO,11:32:57.278047,0.0005284696817398071,-0.0010826308280229568,0.0008404292166233063
ACC,11:32:57.278047,0.018425889313220978,0.021608538925647736,0.9767369627952576
MAG,11:32:57.278047,-60.61743927001953,-53.8592529296875,26.132646560668945
GYRO,11:32:57.587192,0.0020553171634674072,0.0013607926666736603,-7.58487731218338e-05
ACC,11:32:57.587192,0.019153228029608727,0.021122954785823822,0.9755184650421143
MAG,11:32:57.587192,-60.530662536621094,-53.87175750732422,26.71886444091797
GYRO,11:32:57.633206,-0.003443188965320587,0.00044461339712142944,0.00022962875664234161
ACC,11:32:57.633206,0.01769855059683323,0.018937820568680763,0.9745436906814575
MAG,11:32:57.633206,-60.43236541748047,-54.071170806884766,26.85696792602539
GYRO,11:32:57.678037,0.0008335039019584656,0.0007497780025005341,-7.581058889627457e-05
ACC,11:32:57.678037,0.019395673647522926,0.019423406571149826,0.9740563035011292
MAG,11:32:57.678037,-60.19305419921875,-54.14365005493164,27.102819442749023
GYRO,11:32:57.727891,0.0014432594180107117,-0.0004719328135251999,-0.0012974701821804047
ACC,11:32:57.727891,0.018183445557951927,0.02136574685573578,0.9752748012542725
MAG,11:32:57.727891,-60.263126373291016,-53.9390754699707,27.246410369873047
GYRO,11:32:58.273799,-0.0037483051419258118,-0.0007772687822580338,-7.57463276386261e-05
ACC,11:32:58.273799,0.01697121374309063,0.019423406571149826,0.9735689163208008
MAG,11:32:58.273799,-60.4622688293457,-53.742252349853516,27.540678024291992
GYRO,11:32:58.598769,-0.0006942898035049438,0.0013605691492557526,0.001146029680967331
ACC,11:32:58.598769,0.018910780549049377,0.01990899071097374,0.9747873544692993
MAG,11:32:58.598769,-60.37274932861328,-53.75625991821289,27.968191146850586
GYRO,11:32:58.649554,-0.0019157901406288147,0.0007495395839214325,-0.0012973602861166
ACC,11:32:58.649554,0.018668334931135178,0.017481066286563873,0.9760059118270874
MAG,11:32:58.649554,-60.14870834350586,-53.75444412231445,27.36587142944336
GYRO,11:32:58.697214,0.005719296634197235,-0.00047217123210430145,0.0008406862616539001
ACC,11:32:58.697214,0.018668334931135178,0.023793673142790794,0.9730815291404724
MAG,11:32:58.697214,-60.16410446166992,-53.59049987792969,26.9304256439209
GYRO,11:32:58.751720,-0.003443397581577301,-0.0007775332778692245,0.0005352478474378586
ACC,11:32:58.751720,0.019153228029608727,0.017966650426387787,0.9738126397132874
MAG,11:32:58.751720,-59.975040435791016,-53.503318786621094,26.77500343322754
GYRO,11:32:58.801355,0.007246583700180054,0.001360379159450531,-0.0003810068592429161
ACC,11:32:58.801355,0.018910780549049377,0.0220941249281168,0.9740563035011292
MAG,11:32:58.801355,-60.040802001953125,-53.64243698120117,26.451658248901367
GYRO,11:32:59.347550,0.0060239508748054504,0.0007490441203117371,-0.000991801731288433
ACC,11:32:59.347550,0.019880564883351326,0.018937820568680763,0.9718630313873291
MAG,11:32:59.347550,-60.53611755371094,-53.48161697387695,26.528301239013672
GYRO,11:32:59.587470,-0.002223089337348938,0.0007489584386348724,-0.0006863754242658615
ACC,11:32:59.587470,0.01672876812517643,0.020151784643530846,0.974299967288971
MAG,11:32:59.587470,-60.46234130859375,-53.553062438964844,26.285720825195312
GYRO,11:32:59.637303,0.0035795941948890686,0.0010544322431087494,-7.574819028377533e-05
ACC,11:32:59.637303,0.018910780549049377,0.020151784643530846,0.9738126397132874
MAG,11:32:59.637303,-60.85493087768555,-53.41875076293945,26.2799072265625
GYRO,11:32:59.688600,0.0032736435532569885,-0.00016727857291698456,0.0005351370200514793
ACC,11:32:59.688600,0.019395673647522926,0.02136574685573578,0.9772243499755859
MAG,11:32:59.688600,-60.74066162109375,-53.492889404296875,26.540374755859375
GYRO,11:32:59.738510,0.0017461925745010376,0.0004434511065483093,-0.00038104038685560226
ACC,11:32:59.738510,0.01745610684156418,0.01918061450123787,0.9728378057479858
MAG,11:32:59.738510,-60.696449279785156,-53.517005920410156,26.71048355102539
GYRO,11:33:00.280961,-0.0016138553619384766,0.0013593807816505432,-0.0009917328134179115
ACC,11:33:00.280961,0.018183445557951927,0.01845223642885685,0.9745436906814575
MAG,11:33:00.280961,-60.540897369384766,-53.64799880981445,26.637149810791016
GYRO,11:33:00.597379,0.001745566725730896,0.00105367973446846,-0.0012970184907317162
ACC,11:33:00.597379,0.018425889313220978,0.019666196778416634,0.9721066951751709
MAG,11:33:00.597379,-60.848175048828125,-53.455467224121094,26.763992309570312
GYRO,11:33:00.642724,0.005104780197143555,0.0010536164045333862,-7.531978189945221e-05
ACC,11:33:00.642724,0.018425889313220978,0.020394576713442802,0.9740563035011292
MAG,11:33:00.642724,-60.98558807373047,-53.44917297363281,26.83692169189453
GYRO,11:33:00.686957,-0.0013094618916511536,-0.0007788296788930893,0.00022990163415670395
ACC,11:33:00.686957,0.018910780549049377,0.019666196778416634,0.9738126397132874
MAG,11:33:00.686957,-61.053619384765625,-53.47642135620117,26.947742462158203
GYRO,11:33:00.736543,-0.0003936365246772766,0.00013730302453041077,-0.0003808429464697838
ACC,11:33:00.736543,0.019395673647522926,0.020394576713442802,0.974299967288971
MAG,11:33:00.736543,-60.97071838378906,-53.4227294921875,27.17414093017578
GYRO,11:33:01.282665,0.003881596028804779,-0.00047344155609607697,0.0005355263128876686
ACC,11:33:01.282665,0.020123012363910675,0.020151784643530846,0.9747873544692993
MAG,11:33:01.282665,-60.849281311035156,-53.702247619628906,27.56903648376465
GYRO,11:33:01.587521,0.0005212947726249695,0.0013587586581707,0.0005356734618544579
ACC,11:33:01.587521,0.01769855059683323,0.019423406571149826,0.9762495756149292
MAG,11:33:01.587521,-60.9803466796875,-53.579872131347656,27.315011978149414
GYRO,11:33:01.633600,0.0011317431926727295,0.0010532885789871216,0.00023043900728225708
ACC,11:33:01.633600,0.01721366122364998,0.021122954785823822,0.972594141960144
MAG,11:33:01.633600,-61.02170944213867,-53.82085037231445,27.426103591918945
GYRO,11:33:01.686230,-0.0010063126683235168,-0.0010847505182027817,0.0002305852249264717
ACC,11:33:01.686230,0.019880564883351326,0.020151784643530846,0.9711319208145142
MAG,11:33:01.686230,-60.785221099853516,-53.961029052734375,27.258480072021484
GYRO,11:33:01.728916,0.0038801655173301697,0.00044219568371772766,-0.001601913943886757
ACC,11:33:01.728916,0.019880564883351326,0.021608538925647736,0.9738126397132874
MAG,11:33:01.728916,-60.79911804199219,-53.97828674316406,26.584505081176758
GYRO,11:33:02.268119,-9.079277515411377e-05,0.0016639642417430878,-0.0012963339686393738
ACC,11:33:02.268119,0.017940998077392578,0.01990899071097374,0.9723504185676575
MAG,11:33:02.268119,-60.918636322021484,-53.964012145996094,26.87010955810547
GYRO,11:33:02.579555,0.0005194991827011108,0.0007474757730960846,0.0011471444740891457
ACC,11:33:02.579555,0.018425889313220978,0.020880160853266716,0.9755184650421143
MAG,11:33:02.579555,-60.6321907043457,-54.071346282958984,26.957124710083008
GYRO,11:33:02.628863,0.0005191639065742493,0.0016637369990348816,0.001147034578025341
ACC,11:33:02.628863,0.017940998077392578,0.019666196778416634,0.9772243499755859
MAG,11:33:02.628863,-60.55802917480469,-54.116050720214844,26.654361724853516
GYRO,11:33:02.672532,0.0026569589972496033,0.0016636215150356293,-0.0003801099956035614
ACC,11:33:02.672532,0.017940998077392578,0.020151784643530846,0.9747873544692993
MAG,11:33:02.672532,-60.78402328491211,-54.12478256225586,26.804012298583984
GYRO,11:33:02.722275,0.0041833072900772095,0.0019686631858348846,0.0002308255061507225
ACC,11:33:02.722275,0.01721366122364998,0.02136574685573578,0.973325252532959
MAG,11:33:02.722275,-60.64741134643555,-54.11647415161133,26.8110408782959
GYRO,11:33:03.264813,-0.0010090768337249756,0.0007466636598110199,0.00023089535534381866
ACC,11:33:03.264813,0.019395673647522926,0.020151784643530846,0.9745436906814575
MAG,11:33:03.264813,-60.554725646972656,-54.1122932434082,26.73113441467285
GYRO,11:33:03.589130,0.005404278635978699,0.0004412457346916199,-0.0006853062659502029
ACC,11:33:03.589130,0.01745610684156418,0.019666196778416634,0.9764932990074158
MAG,11:33:03.589130,-60.84660339355469,-53.71931457519531,26.404638290405273
GYRO,11:33:03.634458,0.0002119019627571106,-0.001085849478840828,0.0005364427343010902
ACC,11:33:03.634458,0.018425889313220978,0.019666196778416634,0.9764932990074158
MAG,11:33:03.634458,-60.70049285888672,-53.647865295410156,26.785842895507812
GYRO,11:33:03.675735,0.00754159688949585,0.0004413314163684845,-7.42245465517044e-05
ACC,11:33:03.675735,0.018425889313220978,0.020151784643530846,0.9752748012542725
MAG,11:33:03.675735,-60.79389572143555,-53.67708206176758,26.817134857177734
GYRO,11:33:03.730245,0.00509759783744812,0.00105203315615654,-0.000990503467619419
ACC,11:33:03.730245,0.018183445557951927,0.02063736878335476,0.9750310778617859
MAG,11:33:03.730245,-60.761348724365234,-53.708797454833984,27.422395706176758
GYRO,11:33:03.780040,0.001431971788406372,0.001357097178697586,-0.0006848210468888283
ACC,11:33:03.780040,0.018183445557951927,0.01990899071097374,0.9760059118270874
MAG,11:33:03.780040,-60.42363739013672,-53.83774948120117,27.105422973632812
GYRO,11:33:04.326046,0.002042636275291443,-0.00017030350863933563,-0.0009901337325572968
ACC,11:33:04.326046,0.018183445557951927,0.01845223642885685,0.9762495756149292
MAG,11:33:04.326046,-60.582679748535156,-53.736419677734375,26.797670364379883
GYRO,11:33:04.597214,0.006011739373207092,0.0016620010137557983,-0.0009898589923977852
ACC,11:33:04.597214,0.018425889313220978,0.020151784643530846,0.9728378057479858
MAG,11:33:04.597214,-60.6703987121582,-53.859703063964844,26.457443237304688
GYRO,11:33:04.642744,-0.0007080882787704468,0.00044000521302223206,0.0011480338871479034
ACC,11:33:04.642744,0.018425889313220978,0.019423406571149826,0.9764932990074158
MAG,11:33:04.642744,-60.635372161865234,-53.70154571533203,26.514245986938477
GYRO,11:33:04.694967,-0.00040278583765029907,0.00044015049934387207,0.00023167766630649567
ACC,11:33:04.694967,0.01672876812517643,0.020394576713442802,0.969669759273529
MAG,11:33:04.694967,-60.6689338684082,-53.59176254272461,26.72677230834961
GYRO,11:33:04.745017,-0.0004027336835861206,0.00013468414545059204,-7.36340880393982e-05
ACC,11:33:04.745017,0.018425889313220978,0.019666196778416634,0.9791739583015442
MAG,11:33:04.745017,-60.507301330566406,-53.45446014404297,26.74383544921875
GYRO,11:33:05.291149,0.0017350614070892334,-0.0004761870950460434,-0.00037884339690208435
ACC,11:33:05.291149,0.018183445557951927,0.020394576713442802,0.9740563035011292
MAG,11:33:05.291149,-60.7015266418457,-53.6453742980957,26.582372665405273
GYRO,11:33:05.587390,0.0011240392923355103,0.0001346692442893982,-0.0009894846007227898
ACC,11:33:05.587390,0.018183445557951927,0.021122954785823822,0.972594141960144
MAG,11:33:05.587390,-60.570228576660156,-53.47262954711914,26.656299591064453
GYRO,11:33:05.629224,-0.002235718071460724,0.0016617216169834137,-0.00037860218435525894
ACC,11:33:05.629224,0.017940998077392578,0.021122954785823822,0.9777117371559143
MAG,11:33:05.629224,-60.78305435180664,-53.82118225097656,27.030019760131836
GYRO,11:33:05.673184,0.006316140294075012,-0.0010871496051549911,0.00023246090859174728
ACC,11:33:05.673184,0.018910780549049377,0.018937820568680763,0.9769806265830994
MAG,11:33:05.673184,-60.70403289794922,-53.89376449584961,27.669221878051758
GYRO,11:33:05.722682,0.08571503311395645,0.011129118502140045,-0.0019050883129239082
ACC,11:33:05.722682,0.01721366122364998,0.02622159756720066,0.9811235070228577
MAG,11:33:05.722682,-60.765647888183594,-53.734031677246094,27.064260482788086
GYRO,11:33:06.261519,-0.02882981300354004,-0.0026161260902881622,0.04604405537247658
ACC,11:33:06.261519,0.011152512393891811,0.0016995479818433523,0.9818546175956726
MAG,11:33:06.261519,-60.4890022277832,-53.600799560546875,26.893596649169922
GYRO,11:33:06.582103,-0.059981588274240494,-0.10737957060337067,0.06895123422145844
ACC,11:33:06.582103,0.05891435965895653,0.02622159756720066,1.0639803409576416
MAG,11:33:06.582103,-60.64947509765625,-53.86940002441406,26.202415466308594
GYRO,11:33:06.627622,-0.02882598340511322,0.04839819297194481,-0.08865764737129211
ACC,11:33:06.627622,-0.009379754774272442,0.01626710407435894,1.0220645666122437
MAG,11:33:06.627622,-60.614051818847656,-53.740474700927734,26.81722640991211
GYRO,11:33:06.674827,0.06617183238267899,-0.11866608262062073,-0.0474066436290741
ACC,11:33:06.674827,0.07370355725288391,0.029620693996548653,1.049358606338501
MAG,11:33:06.674827,-60.60052490234375,-53.721168518066406,27.383785247802734
GYRO,11:33:06.720962,0.01668408513069153,0.083528071641922,-0.02999091148376465
ACC,11:33:06.720962,-0.003208863316103816,0.03884681314229965,1.0427788496017456
MAG,11:33:06.720962,-60.50115966796875,-53.68538284301758,27.39497947692871
GYRO,11:33:07.266842,0.14343862235546112,-0.012988639995455742,0.037509698420763016
ACC,11:33:07.266842,0.0007273377268575132,0.06579678505659103,0.8868128061294556
MAG,11:33:07.266842,-59.8616943359375,-51.58118438720703,28.468320846557617
GYRO,11:33:07.587358,-0.04409700632095337,-0.16539952158927917,-0.0046400027349591255
ACC,11:33:07.587358,0.07006686925888062,0.011896836571395397,0.9762495756149292
MAG,11:33:07.587358,-58.38800048828125,-50.00764083862305,28.940902709960938
GYRO,11:33:07.632956,0.004167303442955017,0.051467202603816986,-0.009525473229587078
ACC,11:33:07.632956,0.013819416984915733,0.03204862028360367,0.9718630313873291
MAG,11:33:07.632956,-57.72430419921875,-49.1340217590332,28.629215240478516
GYRO,11:33:07.677237,0.00264015793800354,0.05389620363712311,-6.002373993396759e-05
ACC,11:33:07.677237,0.03491221368312836,0.03059186413884163,0.9799050092697144
MAG,11:33:07.677237,-57.278751373291016,-48.95015335083008,28.67241859436035
GYRO,11:33:07.727453,-0.018738090991973877,0.16995251178741455,0.008798092603683472
ACC,11:33:07.727453,0.014789201319217682,0.052928779274225235,0.9769806265830994
MAG,11:33:07.727453,-57.015106201171875,-49.05006408691406,29.02267837524414
GYRO,11:33:08.274534,-0.08408182859420776,-0.1565648913383484,-0.06786460429430008
ACC,11:33:08.274534,0.026911497116088867,0.01626710407435894,0.9923335909843445
MAG,11:33:08.274534,-55.822776794433594,-48.48270797729492,28.62775421142578
GYRO,11:33:08.598678,-0.1485263705253601,0.394753634929657,0.06775451451539993
ACC,11:33:08.598678,-0.00024683563970029354,0.12309583276510239,0.9699134826660156
MAG,11:33:08.598678,-55.05293273925781,-48.526145935058594,29.081510543823242
GYRO,11:33:08.648064,-0.06514325737953186,0.22035160660743713,0.0741686001420021
ACC,11:33:08.648064,-0.0007405069191008806,0.09080442786216736,0.9428631067276001
MAG,11:33:08.648064,-54.738285064697266,-48.64365005493164,29.366958618164062
GYRO,11:33:08.695484,-0.1371910274028778,-0.006288042291998863,0.05307949334383011
ACC,11:33:08.695484,0.04024602472782135,0.09468910843133926,0.9728378057479858
MAG,11:33:08.695484,-54.48368835449219,-48.78778076171875,29.547792434692383
GYRO,11:33:08.743061,-0.0782238021492958,0.00043159350752830505,-0.004652952775359154
ACC,11:33:08.743061,0.027881281450390816,0.08594857156276703,0.9379891753196716
MAG,11:33:08.743061,-54.71537780761719,-49.20125198364258,30.01422882080078
GYRO,11:33:08.792647,-0.1124039888381958,-0.009338278323411942,-0.02663661539554596
ACC,11:33:08.792647,0.054550331085920334,0.050743646919727325,0.9657706022262573
MAG,11:33:08.792647,-54.75114059448242,-48.77985763549805,29.687435150146484
GYRO,11:33:09.338903,0.032071858644485474,-0.018500395119190216,-0.23310890793800354
ACC,11:33:09.338903,-0.030360786244273186,-0.004824517760425806,0.952610969543457
MAG,11:33:09.338903,-55.063331604003906,-49.58686065673828,30.391576766967773
GYRO,11:33:09.587541,-0.1313346028327942,-0.0035341978073120117,0.0032959412783384323
ACC,11:33:09.587541,0.015274092555046082,0.06919588893651962,1.01134192943573
MAG,11:33:09.587541,-54.39263153076172,-50.491336822509766,30.81989288330078
GYRO,11:33:09.636243,-0.09955700486898422,0.21117530763149261,-0.054735712707042694
ACC,11:33:09.636243,-0.020487360656261444,0.07987875491380692,0.9767369627952576
MAG,11:33:09.636243,-54.30349349975586,-51.213417053222656,30.844684600830078
GYRO,11:33:09.679785,-0.1533045470714569,0.19497637450695038,-0.0776386633515358
ACC,11:33:09.679785,-0.010860768146812916,0.08133551478385925,0.9940394163131714
MAG,11:33:09.679785,-54.47797775268555,-51.790748596191406,31.019689559936523
GYRO,11:33:09.729396,-0.13465948402881622,0.08470448851585388,-0.07641059160232544
ACC,11:33:09.729396,0.008970499038696289,0.08303505927324295,0.9889218211174011
MAG,11:33:09.729396,-54.57389831542969,-52.06278991699219,31.394258499145508
GYRO,11:33:10.271770,0.004014931619167328,0.025753334164619446,0.04881773889064789
ACC,11:33:10.271770,0.018183445557951927,0.04030356928706169,0.9847790002822876
MAG,11:33:10.271770,-55.1304931640625,-51.98398208618164,31.09528350830078
GYRO,11:33:10.597212,0.11671468615531921,-0.056719206273555756,-0.1393333524465561
ACC,11:33:10.597212,0.054307885468006134,0.02136574685573578,0.9847790002822876
MAG,11:33:10.597212,-55.44552993774414,-52.02883529663086,31.008804321289062
GYRO,11:33:10.643235,0.02294687181711197,0.2135886698961258,-0.18606454133987427
ACC,11:33:10.643235,-0.03653167560696602,0.08449181914329529,0.9686949253082275
MAG,11:33:10.643235,-55.42933654785156,-52.083168029785156,31.376569747924805
GYRO,11:33:10.694313,0.11793641746044159,-0.09031679481267929,-0.13200296461582184
ACC,11:33:10.694313,0.004364026710391045,0.059241387993097305,0.9740563035011292
MAG,11:33:10.694313,-55.757179260253906,-52.14419174194336,30.550975799560547
GYRO,11:33:10.744225,0.07455872744321823,-0.10710658878087997,-0.026321060955524445
ACC,11:33:10.744225,0.01697121374309063,0.023065295070409775,0.9669890999794006
MAG,11:33:10.744225,-55.90931701660156,-52.328792572021484,30.726665496826172
GYRO,11:33:11.290499,-0.012491144239902496,-0.1856013834476471,0.008501727133989334
ACC,11:33:11.290499,0.02545681968331337,0.05729904770851135,0.9750310778617859
MAG,11:33:11.290499,-54.36786651611328,-52.210147857666016,32.04969024658203
GYRO,11:33:11.586370,0.06448493152856827,0.04012743756175041,-0.13718944787979126
ACC,11:33:11.586370,-0.032335471361875534,0.07842200249433517,0.9270228147506714
MAG,11:33:11.586370,-54.30860137939453,-52.081451416015625,33.203914642333984
GYRO,11:33:11.632156,-0.28156256675720215,-0.11777142435312271,-0.1102968156337738
ACC,11:33:11.632156,0.03224530443549156,0.06701074540615082,0.9755184650421143
MAG,11:33:11.632156,-54.21776580810547,-52.14665222167969,33.40835952758789
GYRO,11:33:11.683690,0.23248054087162018,0.06304468959569931,-0.1463378667831421
ACC,11:33:11.683690,-0.003208863316103816,0.09298955649137497,0.9406698346138
MAG,11:33:11.683690,-54.1459846496582,-52.43597412109375,33.494991302490234
GYRO,11:33:11.733506,-0.11265832185745239,0.13207244873046875,-0.24957409501075745
ACC,11:33:11.733506,0.035639550536870956,0.08303505927324295,0.9830730557441711
MAG,11:33:11.733506,-54.066734313964844,-52.70823287963867,33.531982421875
GYRO,11:33:12.279529,-0.0005645528435707092,-0.07042936980724335,-0.18726584315299988
ACC,11:33:12.279529,-0.04591142758727074,0.04127473756670952,0.9270228147506714
MAG,11:33:12.279529,-54.17724609375,-53.6513671875,33.42631149291992
GYRO,11:33:12.579497,-0.027729272842407227,-0.09974740445613861,0.14323459565639496
ACC,11:33:12.579497,-0.02369622141122818,0.024279257282614708,1.0223082304000854
MAG,11:33:12.579497,-54.602813720703125,-54.44725799560547,34.04525375366211
GYRO,11:33:12.628476,0.10360675305128098,-0.19504238665103912,0.1762213259935379
ACC,11:33:12.628476,-0.055044349282979965,0.057784635573625565,0.9974511861801147
MAG,11:33:12.628476,-54.465755462646484,-54.775901794433594,33.879844665527344
GYRO,11:33:12.673267,0.013504132628440857,-0.4088452160358429,0.08734042942523956
ACC,11:33:12.673267,-0.0012341781985014677,0.06919588893651962,1.0128040313720703
MAG,11:33:12.673267,-54.09711456298828,-54.78664779663086,33.93877410888672
GYRO,11:33:12.723917,-0.03353249281644821,-0.45588183403015137,0.10230662673711777
ACC,11:33:12.723917,0.01600143127143383,0.04904409870505333,0.999400794506073
MAG,11:33:12.723917,-53.43107604980469,-54.69231414794922,34.501461029052734
GYRO,11:33:13.270648,-0.056134507060050964,0.025174539536237717,-0.10966361314058304
ACC,11:33:13.270648,0.019638117402791977,0.096145860850811,0.9623588919639587
MAG,11:33:13.270648,-53.30859375,-55.41511535644531,34.559165954589844
GYRO,11:33:13.589402,0.000367872416973114,0.00012534484267234802,0.1475246399641037
ACC,11:33:13.589402,-0.02739875763654709,0.024279257282614708,1.0135352611541748
MAG,11:33:13.589402,-52.458885192871094,-55.482017517089844,34.83089065551758
GYRO,11:33:13.635712,-0.03169780969619751,0.10762074589729309,0.12152868509292603
ACC,11:33:13.635712,-0.05850004777312279,0.008012155070900917,1.0006192922592163
MAG,11:33:13.635712,-51.958030700683594,-55.651397705078125,34.552650451660156
GYRO,11:33:13.684160,0.041300587356090546,0.2236851304769516,0.09678864479064941
ACC,11:33:13.684160,-0.07281651347875595,-0.0036183884367346764,0.9511488080024719
MAG,11:33:13.684160,-52.14212417602539,-55.8388786315918,34.21905517578125
GYRO,11:33:13.739672,-0.10590903460979462,0.06088442727923393,0.09281022101640701
ACC,11:33:13.739672,-0.06121524050831795,0.025007635354995728,0.9260479807853699
MAG,11:33:13.739672,-52.388423919677734,-55.87239074707031,33.80622100830078
GYRO,11:33:13.782599,-0.0631379634141922,-0.12390748411417007,0.08668859302997589
ACC,11:33:13.782599,-0.032335471361875534,0.013596383854746819,0.9080144762992859
MAG,11:33:13.782599,-52.345279693603516,-55.750003814697266,33.4534912109375
GYRO,11:33:14.326275,0.03368876874446869,0.05081459507346153,0.15112793445587158
ACC,11:33:14.326275,-0.081455759704113,0.0012139629106968641,0.9818546175956726
MAG,11:33:14.326275,-51.456974029541016,-54.48075866699219,33.890445709228516
GYRO,11:33:14.597955,-0.01853521168231964,0.07800111174583435,0.07384320348501205
ACC,11:33:14.597955,-0.014316467568278313,0.0776936262845993,0.9250732660293579
MAG,11:33:14.597955,-51.53882598876953,-54.022369384765625,33.10053253173828
GYRO,11:33:14.649173,0.04041328281164169,0.23835325241088867,0.01184038259088993
ACC,11:33:14.649173,-0.0738038569688797,0.08327785134315491,0.9150816798210144
MAG,11:33:14.649173,-51.586944580078125,-53.642921447753906,32.425357818603516
GYRO,11:33:14.701441,0.034607164561748505,0.1143379956483841,0.04054764285683632
ACC,11:33:14.701441,-0.03159496188163757,0.06458282470703125,0.9611403942108154
MAG,11:33:14.701441,-51.82493209838867,-53.42885208129883,32.437255859375
GYRO,11:33:14.751999,-0.02800106257200241,0.13690979778766632,-0.0073972539976239204
ACC,11:33:14.751999,-0.07479120045900345,0.11435530334711075,0.9740563035011292
MAG,11:33:14.751999,-51.98406982421875,-53.546695709228516,32.397884368896484
GYRO,11:33:15.298832,0.04377277195453644,0.013198871165513992,0.04147141054272652
ACC,11:33:15.298832,0.0026669050566852093,0.0424887016415596,0.9482244849205017
MAG,11:33:15.298832,-52.288692474365234,-53.760276794433594,32.10422134399414
GYRO,11:33:15.587841,0.06758860498666763,0.0037274956703186035,0.1150694265961647
ACC,11:33:15.587841,0.006061147898435593,0.06555400043725967,0.9723504185676575
MAG,11:33:15.587841,-51.87788391113281,-53.92338562011719,31.805904388427734
GYRO,11:33:15.638919,0.08866391330957413,0.08221512287855148,0.08114773035049438
ACC,11:33:15.638919,-0.029620278626680374,0.0810927227139473,0.9752748012542725
MAG,11:33:15.638919,-51.73112106323242,-53.67127990722656,31.526369094848633
GYRO,11:33:15.691339,0.05261843651533127,-0.10500624775886536,0.06159486621618271
ACC,11:33:15.691339,-0.017031658440828323,0.06579678505659103,1.0132914781570435
MAG,11:33:15.691339,-51.69758605957031,-53.48875045776367,31.277667999267578
GYRO,11:33:15.741877,0.04925147444009781,0.0886402577161789,0.10250911861658096
ACC,11:33:15.741877,-0.03628484159708023,0.04540221393108368,1.038392186164856
MAG,11:33:15.741877,-52.106048583984375,-53.35068893432617,31.62447738647461
GYRO,11:33:16.288596,-0.07261614501476288,0.028164591640233994,-0.06700598448514938
ACC,11:33:16.288596,0.004848918411880732,0.030834658071398735,0.9908714294433594
MAG,11:33:16.288596,-52.772560119628906,-53.3979606628418,31.27716064453125
GYRO,11:33:16.597379,-0.11749507486820221,-0.021007739007472992,-0.006521287374198437
ACC,11:33:16.597379,0.014546754769980907,0.0276783537119627,0.9964764714241028
MAG,11:33:16.597379,-52.43315505981445,-53.67564010620117,31.2170467376709
GYRO,11:33:16.644224,-0.008449442684650421,-0.053073227405548096,0.0008094301447272301
ACC,11:33:16.644224,0.00315179699100554,-0.02677607536315918,0.9594345092773438
MAG,11:33:16.644224,-52.276885986328125,-53.72804641723633,31.17955207824707
GYRO,11:33:16.696635,-0.09853529185056686,-0.06984955817461014,0.02462812140583992
ACC,11:33:16.696635,0.036366891115903854,0.00048558515845797956,0.9543168544769287
MAG,11:33:16.696635,-52.26244354248047,-53.593074798583984,31.47955322265625
GYRO,11:33:16.747360,0.06455900520086288,-0.09274134784936905,0.013015678152441978
ACC,11:33:16.747360,0.029335955157876015,0.009226118214428425,0.905577540397644
MAG,11:33:16.747360,-52.107181549072266,-53.54096603393555,31.697284698486328
GYRO,11:33:17.294145,0.13327237963676453,-0.2029755413532257,0.11502626538276672
ACC,11:33:17.294145,0.006788485683500767,0.0009711703169159591,1.059593915939331
MAG,11:33:17.294145,-52.37724685668945,-52.91817855834961,31.743423461914062
GYRO,11:33:17.587585,-0.09060972183942795,-0.1174544095993042,-0.03952264040708542
ACC,11:33:17.587585,0.004848918411880732,-0.004100840073078871,0.8914430737495422
MAG,11:33:17.587585,-52.58030319213867,-52.59726333618164,31.410972595214844
GYRO,11:33:17.633873,-0.07593363523483276,-0.10703936964273453,-0.05478135868906975
ACC,11:33:17.633873,0.011637403629720211,0.015295932069420815,0.909476637840271
MAG,11:33:17.633873,-52.59127426147461,-52.36253356933594,30.99629020690918
GYRO,11:33:17.684267,-0.04354351386427879,-0.001962456852197647,-0.08988803625106812
ACC,11:33:17.684267,-0.005924055352807045,0.0014567554462701082,0.9282413125038147
MAG,11:33:17.684267,-52.769309997558594,-52.08331298828125,30.97026252746582
GYRO,11:33:17.734077,-0.05361498147249222,-0.02609030157327652,-0.1338503062725067
ACC,11:33:17.734077,-0.006417726632207632,0.019423406571149826,0.9474933743476868
MAG,11:33:17.734077,-52.777320861816406,-52.098045349121094,31.115869522094727
GYRO,11:33:18.276524,-0.04903104156255722,-0.1122196689248085,0.045451100915670395
ACC,11:33:18.276524,0.04848918318748474,0.0036418887320905924,0.9518798589706421
MAG,11:33:18.276524,-52.00952911376953,-53.64347457885742,30.36783218383789
GYRO,11:33:18.598480,0.006566271185874939,0.16848069429397583,0.25190162658691406
ACC,11:33:18.598480,0.011637403629720211,0.006069814320653677,0.9740563035011292
MAG,11:33:18.598480,-52.2327880859375,-54.64885330200195,30.09897804260254
GYRO,11:33:18.648691,-0.0068727657198905945,0.26835712790489197,0.21158450841903687
ACC,11:33:18.648691,-0.0014810138382017612,0.0012139629106968641,0.9842915534973145
MAG,11:33:18.648691,-52.8388786315918,-54.959774017333984,30.355093002319336
GYRO,11:33:18.697193,-0.014814011752605438,0.4274875223636627,0.12789598107337952
ACC,11:33:18.697193,-0.05998106300830841,0.015053139999508858,0.9601655602455139
MAG,11:33:18.697193,-53.5068359375,-55.07981872558594,30.584766387939453
GYRO,11:33:18.741741,-0.039856135845184326,0.04630373790860176,0.1779719591140747
ACC,11:33:18.741741,-0.0466519370675087,-0.06899061053991318,1.010610818862915
MAG,11:33:18.741741,-54.144859313964844,-55.28036880493164,30.564252853393555
GYRO,11:33:18.791617,-0.07405181229114532,-0.1045621931552887,0.09395447373390198
ACC,11:33:18.791617,-0.024930398911237717,-0.04076717421412468,1.0140225887298584
MAG,11:33:18.791617,-54.415287017822266,-55.51449966430664,30.59048080444336
GYRO,11:33:19.338380,0.052702732384204865,-0.23314931988716125,0.09212187677621841
ACC,11:33:19.338380,-0.05751270428299904,0.015053139999508858,0.9750310778617859
MAG,11:33:19.338380,-54.61240768432617,-55.23661422729492,32.21092987060547
GYRO,11:33:19.587189,-0.04198138788342476,0.005088113248348236,0.23201002180576324
ACC,11:33:19.587189,-0.03998737409710884,0.0029135108925402164,1.0011066198349
MAG,11:33:19.587189,-55.71297073364258,-53.81629180908203,33.532833099365234
GYRO,11:33:19.637774,-0.017852209508419037,-0.0792112872004509,0.25705549120903015
ACC,11:33:19.637774,0.0021820133551955223,-0.016403360292315483,1.0001319646835327
MAG,11:33:19.637774,-56.8983154296875,-53.2449951171875,34.18737030029297
GYRO,11:33:19.690140,-0.02334999293088913,0.1529175043106079,0.3538776636123657
ACC,11:33:19.690140,-0.009132918901741505,-0.026534847915172577,1.010123372077942
MAG,11:33:19.690140,-57.39592742919922,-52.63673782348633,34.176185607910156
GYRO,11:33:19.733288,0.02674095332622528,0.20728451013565063,0.45436498522758484
ACC,11:33:19.733288,-0.0009873425588011742,-0.06947305798530579,0.9864848256111145
MAG,11:33:19.733288,-58.456932067871094,-51.764991760253906,33.901214599609375
GYRO,11:33:20.272841,-0.0502280667424202,0.11015693098306656,1.3294293880462646
ACC,11:33:20.272841,-0.005183548666536808,-0.002653484931215644,0.953342080116272
MAG,11:33:20.272841,-59.00279998779297,-44.79668426513672,31.6322021484375
GYRO,11:33:20.596995,-0.07099748402833939,0.029522724449634552,1.4845892190933228
ACC,11:33:20.596995,0.019638117402791977,-0.07670983672142029,1.0118293762207031
MAG,11:33:20.596995,-56.94211196899414,-37.11344528198242,29.69753646850586
GYRO,11:33:20.643287,-0.011132694780826569,0.18254446983337402,1.4607653617858887
ACC,11:33:20.643287,-0.05158865079283714,-0.070196732878685,0.9745436906814575
MAG,11:33:20.643287,-55.02330780029297,-32.50665283203125,28.700159072875977
GYRO,11:33:20.695422,-0.08474195003509521,0.07869737595319748,1.3291239738464355
ACC,11:33:20.695422,-0.03554433211684227,-0.062236279249191284,0.955535352230072
MAG,11:33:20.695422,-54.16496276855469,-29.873249053955078,27.99139404296875
GYRO,11:33:20.743611,-0.018157638609409332,-0.13082939386367798,1.2885013818740845
ACC,11:33:20.743611,-0.03282913938164711,-0.07478003203868866,0.9360396265983582
MAG,11:33:20.743611,-53.40016555786133,-28.053682327270508,27.371065139770508
GYRO,11:33:21.290651,-0.08260392397642136,0.11931992322206497,-0.1900978684425354
ACC,11:33:21.290651,0.03224530443549156,-0.04028472676873207,1.0561821460723877
MAG,11:33:21.290651,-49.756126403808594,-25.386323928833008,26.50379180908203
GYRO,11:33:21.587658,-0.0053294748067855835,-0.014459572732448578,-0.2508789300918579
ACC,11:33:21.587658,0.02497193031013012,-0.04703905060887337,0.9630899429321289
MAG,11:33:21.587658,-49.13245391845703,-24.86773109436035,25.691186904907227
GYRO,11:33:21.630915,-0.05603128671646118,-0.08623623847961426,-0.17757512629032135
ACC,11:33:21.630915,0.020607901737093925,-0.06416608393192291,0.9392076730728149
MAG,11:33:21.630915,-48.693763732910156,-24.61748695373535,25.206890106201172
GYRO,11:33:21.679349,-0.09479936212301254,-0.159501850605011,-0.09813207387924194
ACC,11:33:21.679349,0.04776184633374214,-0.031118139624595642,0.9516361951828003
MAG,11:33:21.679349,-48.42463684082031,-24.672595977783203,24.958526611328125
GYRO,11:33:21.726108,-0.04194461181759834,-0.03455869480967522,-0.10665670037269592
ACC,11:33:21.726108,0.02400214597582817,-0.03160059452056885,0.9438378810882568
MAG,11:33:21.726108,-48.26072692871094,-24.79721450805664,25.046377182006836
GYRO,11:33:22.272390,-0.019031040370464325,-0.06265774369239807,0.10105293989181519
ACC,11:33:22.272390,-0.0004936712794005871,-0.055240727961063385,1.01134192943573
MAG,11:33:22.272390,-47.38682174682617,-24.30649185180664,24.52188491821289
GYRO,11:33:22.579748,-0.02697199583053589,0.1795526146888733,-0.16468144953250885
ACC,11:33:22.579748,-0.03282913938164711,0.0009711703169159591,0.9119135737419128
MAG,11:33:22.579748,-47.16902160644531,-24.34417152404785,24.148210525512695
GYRO,11:33:22.629608,0.035030826926231384,0.18505039811134338,-0.2074420154094696
ACC,11:33:22.629608,-0.023943057283759117,-0.009649035520851612,0.9557790756225586
MAG,11:33:22.629608,-47.4782829284668,-24.49528694152832,23.66028594970703
GYRO,11:33:22.681572,0.05763283371925354,0.2494966834783554,-0.23432008922100067
ACC,11:33:22.681572,-0.05529118701815605,-0.00989026203751564,0.9465185403823853
MAG,11:33:22.681572,-47.868568420410156,-24.710241317749023,23.35944938659668
GYRO,11:33:22.731750,0.036557987332344055,-0.029974164441227913,-0.2938794493675232
ACC,11:33:22.731750,-0.03801268711686134,-0.005306969862431288,0.9738126397132874
MAG,11:33:22.731750,-48.16448974609375,-24.80577850341797,22.828472137451172
GYRO,11:33:23.278214,0.022813521325588226,-0.09655847400426865,-0.11764482408761978
ACC,11:33:23.278214,0.015031646937131882,-0.03401285037398338,0.8721910119056702
MAG,11:33:23.278214,-49.11992263793945,-25.514596939086914,21.634077072143555
GYRO,11:33:23.588560,0.09214571863412857,-0.1570153385400772,0.3985491394996643
ACC,11:33:23.588560,-0.004443041514605284,-0.002894710749387741,1.01134192943573
MAG,11:33:23.588560,-49.11910629272461,-25.402616500854492,20.784067153930664
GYRO,11:33:23.635040,-0.07706395536661148,-0.318894624710083,0.47246381640434265
ACC,11:33:23.635040,0.02400214597582817,-0.10831042379140854,1.0347368717193604
MAG,11:33:23.635040,-48.675071716308594,-25.337236404418945,20.112882614135742
GYRO,11:33:23.683183,-0.12837663292884827,-0.11547650396823883,0.4498618245124817
ACC,11:33:23.683183,-0.0012341781985014677,-0.08274048566818237,1.0890811681747437
MAG,11:33:23.683183,-47.50492477416992,-25.372711181640625,19.850801467895508
GYRO,11:33:23.738239,-0.0709552988409996,-0.026901043951511383,0.34082236886024475
ACC,11:33:23.738239,-0.0019746851176023483,-0.04149085283279419,1.0259637832641602
MAG,11:33:23.738239,-46.91279602050781,-25.527666091918945,19.52021598815918
GYRO,11:33:23.788332,-0.09508448094129562,0.11756858229637146,0.3072247803211212
ACC,11:33:23.788332,-0.040481045842170715,-0.07936331629753113,0.9389639496803284
MAG,11:33:23.788332,-46.554908752441406,-25.69025230407715,19.335420608520508
GYRO,11:33:24.336366,-0.014144830405712128,0.06045268476009369,-0.03760865703225136
ACC,11:33:24.336366,-0.0009873425588011742,-0.0636836364865303,1.0118293762207031
MAG,11:33:24.336366,-47.782310485839844,-26.921367645263672,18.30437660217285
GYRO,11:33:24.597219,0.08665265142917633,0.04120165482163429,-0.10815619677305222
ACC,11:33:24.597219,0.026669051498174667,-0.12495500594377518,0.9818546175956726
MAG,11:33:24.597219,-49.17476272583008,-28.49635887145996,16.3963680267334
GYRO,11:33:24.639582,0.13216210901737213,0.08915457129478455,-0.05287288874387741
ACC,11:33:24.639582,0.010667620226740837,-0.07429756969213486,0.9301908612251282
MAG,11:33:24.639582,-49.98888397216797,-29.72990608215332,16.246519088745117
GYRO,11:33:24.684132,0.10558947920799255,0.10625879466533661,0.06502410024404526
ACC,11:33:24.684132,0.0026669050566852093,-0.08539396524429321,0.8646364212036133
MAG,11:33:24.684132,-50.37702178955078,-30.36001968383789,15.783797264099121
GYRO,11:33:24.734554,0.052135974168777466,0.02531374618411064,0.14748109877109528
ACC,11:33:24.734554,0.009212944656610489,-0.07695106416940689,0.9316530227661133
MAG,11:33:24.734554,-50.838382720947266,-30.756296157836914,15.451725006103516
GYRO,11:33:25.281197,-0.0456024631857872,-0.18207500874996185,0.7647604942321777
ACC,11:33:25.281197,-0.06343676149845123,-0.08756499737501144,0.9813672304153442
MAG,11:33:25.281197,-49.99528884887695,-31.944597244262695,15.780932426452637
GYRO,11:33:25.587230,0.12757784128189087,-0.06051282212138176,0.8276795744895935
ACC,11:33:25.587230,-0.0004936712794005871,-0.09745525568723679,0.9806361198425293
MAG,11:33:25.587230,-47.940879821777344,-32.09984588623047,17.404067993164062
GYRO,11:33:25.633340,0.15048527717590332,0.1645910143852234,0.7937765717506409
ACC,11:33:25.633340,-0.014316467568278313,-0.11506475508213043,1.0045183897018433
MAG,11:33:25.633340,-46.95396423339844,-32.562095642089844,17.815200805664062
GYRO,11:33:25.681275,0.29526036977767944,0.12488478422164917,0.832566499710083
ACC,11:33:25.681275,0.013334525749087334,-0.08708254992961884,1.010610818862915
MAG,11:33:25.681275,-46.56631851196289,-32.83811569213867,17.962759017944336
GYRO,11:33:25.731643,0.07840317487716675,0.27790653705596924,0.7168075442314148
ACC,11:33:25.731643,-0.013575960882008076,-0.12133662402629852,1.025476336479187
MAG,11:33:25.731643,-46.41326141357422,-32.78665542602539,18.16272735595703
GYRO,11:33:26.278874,-0.038882944732904434,-0.16802510619163513,1.002997875213623
ACC,11:33:26.278874,0.0009697836940176785,-0.039078593254089355,0.9669890999794006
MAG,11:33:26.278874,-44.39048767089844,-32.74427795410156,20.117286682128906
GYRO,11:33:26.579340,0.051219671964645386,0.6590864658355713,0.37044692039489746
ACC,11:33:26.579340,-0.010120261460542679,0.026707183569669724,1.013778805732727
MAG,11:33:26.579340,-42.29075241088867,-33.45891189575195,22.484872817993164
GYRO,11:33:26.621823,0.10283778607845306,0.512478768825531,0.5140002965927124
ACC,11:33:26.621823,-0.14810138940811157,-0.07550370693206787,0.9128884077072144
MAG,11:33:26.621823,-41.642086029052734,-33.74769973754883,23.945444107055664
GYRO,11:33:26.666278,-0.055987171828746796,-0.08311483263969421,0.3893837332725525
ACC,11:33:26.666278,-0.10046210885047913,-0.15848542749881744,0.9991570711135864
MAG,11:33:26.666278,-41.564697265625,-33.84178161621094,25.18668556213379
GYRO,11:33:26.712962,-0.11676337569952011,-0.30179357528686523,0.08454784750938416
ACC,11:33:26.712962,-0.019500017166137695,-0.11602965742349625,0.9828293919563293
MAG,11:33:26.712962,-40.85009002685547,-33.972686767578125,26.005279541015625
GYRO,11:33:27.259581,0.19538874924182892,0.017078103497624397,-0.06328153610229492
ACC,11:33:27.259581,0.04606472700834274,0.0313202403485775,0.9155690670013428
MAG,11:33:27.259581,-37.784725189208984,-31.115079879760742,27.429758071899414
GYRO,11:33:27.587790,-0.0315476730465889,0.006387962028384209,-0.07610970735549927
ACC,11:33:27.587790,-0.008886083029210567,0.045887794345617294,1.030106544494629
MAG,11:33:27.587790,-35.95317077636719,-28.723854064941406,27.70831871032715
GYRO,11:33:27.631952,0.07015549391508102,0.03326324000954628,0.002080865204334259
ACC,11:33:27.631952,-0.007898740470409393,-0.03787246346473694,0.9706445932388306
MAG,11:33:27.631952,-35.066829681396484,-27.110107421875,28.117795944213867
GYRO,11:33:27.675512,-0.03828028216958046,-0.1649494171142578,0.20335550606250763
ACC,11:33:27.675512,0.01309207919985056,-0.05717053636908531,0.984535276889801
MAG,11:33:27.675512,-34.209983825683594,-26.74382972717285,28.436750411987305
GYRO,11:33:27.725465,-0.006515286862850189,-0.009178776293992996,0.30292654037475586
ACC,11:33:27.725465,-0.007651905063539743,-0.06271872669458389,0.9691823720932007
MAG,11:33:27.725465,-33.30350112915039,-26.76752281188965,28.0140380859375
GYRO,11:33:28.268253,0.0029531195759773254,0.40346071124076843,-0.057178523391485214
ACC,11:33:28.268253,0.020607901737093925,0.010925665497779846,0.9764932990074158
MAG,11:33:28.268253,-30.018125534057617,-26.599225997924805,27.712203979492188
GYRO,11:33:28.580726,-0.21940183639526367,-0.09103471785783768,-0.20134271681308746
ACC,11:33:28.580726,-0.002221520757302642,-0.008925357833504677,0.969669759273529
MAG,11:33:28.580726,-30.240140914916992,-26.414566040039062,27.82887077331543
GYRO,11:33:28.630080,-0.0715724378824234,-0.21442949771881104,-0.19859382510185242
ACC,11:33:28.630080,0.03297264501452446,0.023793673142790794,0.984535276889801
MAG,11:33:28.630080,-29.934307098388672,-26.585189819335938,27.911409378051758
GYRO,11:33:28.677906,-0.09997767210006714,-0.14356912672519684,-0.24563045799732208
ACC,11:33:28.677906,0.02303236350417137,-0.0123025206848979,0.9699134826660156
MAG,11:33:28.677906,-29.52057647705078,-27.030366897583008,27.50348472595215
GYRO,11:33:28.725387,-0.09783964604139328,-0.06690554320812225,-0.1643853783607483
ACC,11:33:28.725387,0.023274807259440422,0.012625213712453842,0.9706445932388306
MAG,11:33:28.725387,-29.106462478637695,-27.153724670410156,27.58812713623047
GYRO,11:33:28.775060,-0.002232000231742859,0.09464994072914124,-0.09624449163675308
ACC,11:33:28.775060,-0.03974054008722305,-0.03328917175531387,0.9365270137786865
MAG,11:33:28.775060,-28.84425163269043,-27.274066925048828,27.73590850830078
GYRO,11:33:29.321527,-0.09018972516059875,0.06777139008045197,0.17712420225143433
ACC,11:33:29.321527,0.009455390274524689,0.013596383854746819,0.9343336820602417
MAG,11:33:29.321527,-26.082948684692383,-27.898386001586914,26.654582977294922
GYRO,11:33:29.587392,0.06955884397029877,-0.004627866670489311,-0.11245068907737732
ACC,11:33:29.587392,-0.03356964886188507,0.004613059107214212,0.9964764714241028
MAG,11:33:29.587392,-25.136737823486328,-28.50187873840332,26.70012664794922
GYRO,11:33:29.637262,0.03472653031349182,-0.07517370581626892,-0.10662145167589188
ACC,11:33:29.637262,-0.0017278495943173766,-0.01519723143428564,1.0432662963867188
MAG,11:33:29.637262,-24.287342071533203,-28.8782958984375,26.76811408996582
GYRO,11:33:29.688910,0.015478499233722687,-0.06110331416130066,-0.04154592752456665
ACC,11:33:29.688910,-0.007898740470409393,-0.048968859016895294,1.0332746505737305
MAG,11:33:29.688910,-24.00727653503418,-29.20922088623047,26.95137596130371
GYRO,11:33:29.739268,-0.009870849549770355,0.01342935860157013,-0.023823212832212448
ACC,11:33:29.739268,-0.02270887978374958,-0.06899061053991318,1.0318124294281006
MAG,11:33:29.739268,-23.874357223510742,-29.535377502441406,26.82239532470703
GYRO,11:33:30.285394,0.0255541130900383,0.08397603034973145,0.384850412607193
ACC,11:33:30.285394,-0.008639248088002205,-0.013991101644933224,1.0089049339294434
MAG,11:33:30.285394,-21.93065643310547,-31.270538330078125,27.6832332611084
GYRO,11:33:30.579500,0.05487564206123352,-0.10264330357313156,0.5265710949897766
ACC,11:33:30.579500,-0.00814557634294033,-0.06947305798530579,0.9343336820602417
MAG,11:33:30.579500,-18.677595138549805,-32.37153244018555,27.37445640563965
GYRO,11:33:30.627727,-0.04072476550936699,-0.1664787232875824,0.4795345366001129
ACC,11:33:30.627727,-0.0037025348283350468,-0.08611764758825302,0.9240984320640564
MAG,11:33:30.627727,-16.601484298706055,-33.47779846191406,27.246700286865234
GYRO,11:33:30.673148,-0.00010222941637039185,-0.13379743695259094,0.38759931921958923
ACC,11:33:30.673148,0.011152512393891811,-0.04583292081952095,0.9258043169975281
MAG,11:33:30.673148,-15.331125259399414,-34.457122802734375,27.42823028564453
GYRO,11:33:30.719493,-0.04897144436836243,-0.03147749975323677,0.26970231533050537
ACC,11:33:30.719493,0.006061147898435593,-0.04631537199020386,0.9114262461662292
MAG,11:33:30.719493,-14.442770004272461,-35.374755859375,27.310810089111328
GYRO,11:33:31.265361,0.07900482416152954,-0.08981513231992722,0.16463349759578705
ACC,11:33:31.265361,-0.007651905063539743,-0.0981789380311966,0.9840478897094727
MAG,11:33:31.265361,-12.511877059936523,-36.954463958740234,28.30022621154785
GYRO,11:33:31.587203,0.020056329667568207,-0.000934237614274025,0.33598119020462036
ACC,11:33:31.587203,0.018425889313220978,-0.04486801475286484,0.9131320714950562
MAG,11:33:31.587203,-10.95869255065918,-37.58102798461914,29.756103515625
GYRO,11:33:31.633121,0.01852916181087494,0.06778810173273087,0.32040414214134216
ACC,11:33:31.633121,-0.0074050696566700935,-0.018091943114995956,0.9482244849205017
MAG,11:33:31.633121,-9.652409553527832,-37.881839752197266,30.53084373474121
GYRO,11:33:31.684216,0.026164978742599487,-0.17808516323566437,0.3860721290111542
ACC,11:33:31.684216,0.01575898379087448,-0.01519723143428564,0.970400869846344
MAG,11:33:31.684216,-8.56769847869873,-38.20558166503906,31.081295013427734
GYRO,11:33:31.734294,-0.06485394388437271,-0.09195315837860107,0.5061071515083313
ACC,11:33:31.734294,0.035881996154785156,-0.01688581332564354,1.0232830047607422
MAG,11:33:31.734294,-7.972408294677734,-38.33397674560547,31.485198974609375
GYRO,11:33:32.280994,-0.004378281533718109,-0.2012980431318283,0.6563799977302551
ACC,11:33:32.280994,-0.06096840649843216,-0.06271872669458389,0.911669909954071
MAG,11:33:32.280994,-8.498128890991211,-41.83673858642578,31.02366828918457
GYRO,11:33:32.596921,0.03196820616722107,-0.021092791110277176,0.568720817565918
ACC,11:33:32.596921,-0.002221520757302642,-0.11868314445018768,0.9635773301124573
MAG,11:33:32.596921,-10.098115921020508,-45.35102081298828,31.13528823852539
GYRO,11:33:32.646264,-0.023925967514514923,0.18873941898345947,0.5339015126228333
ACC,11:33:32.646264,-0.0301139485090971,-0.07212653756141663,0.941400945186615
MAG,11:33:32.646264,-11.024243354797363,-47.37743377685547,31.650840759277344
GYRO,11:33:32.697238,-0.01598472148180008,0.1719406247138977,0.558946967124939
ACC,11:33:32.697238,-0.06639879196882248,-0.11723578721284866,0.9448127150535583
MAG,11:33:32.697238,-11.813074111938477,-48.673465728759766,32.49785232543945
GYRO,11:33:32.747136,-0.04469538852572441,-0.11119541525840759,0.7867997288703918
ACC,11:33:32.747136,-0.05183548480272293,-0.06585466861724854,0.8816952109336853
MAG,11:33:32.747136,-12.45099925994873,-50.00617599487305,32.53550338745117
GYRO,11:33:33.293051,0.05731910467147827,0.03724484145641327,0.6707352995872498
ACC,11:33:33.293051,0.02569926716387272,-0.03931982070207596,0.9523673057556152
MAG,11:33:33.293051,-14.364129066467285,-54.8552131652832,31.210180282592773
GYRO,11:33:33.587886,0.019140027463436127,0.009755905717611313,0.3594995141029358
ACC,11:33:33.587886,0.01624387688934803,-0.006995550822466612,0.9085018634796143
MAG,11:33:33.587886,-16.958568572998047,-58.39085388183594,30.751646041870117
GYRO,11:33:33.636344,-0.030340053141117096,0.10993780195713043,0.30513250827789307
ACC,11:33:33.636344,0.037821561098098755,-0.0422145314514637,0.9389639496803284
MAG,11:33:33.636344,-18.492156982421875,-60.42329406738281,30.725313186645508
GYRO,11:33:33.683862,0.08389174938201904,0.17957644164562225,0.22174939513206482
ACC,11:33:33.683862,-0.024930398911237717,-0.03015323542058468,0.9894092082977295
MAG,11:33:33.683862,-19.671175003051758,-61.51953887939453,30.43687629699707
GYRO,11:33:33.728649,0.1168784648180008,-0.011013513430953026,0.126148983836174
ACC,11:33:33.728649,0.03491221368312836,-0.04390311613678932,1.0554510354995728
MAG,11:33:33.728649,-20.639610290527344,-61.9382438659668,30.14728546142578
GYRO,11:33:33.779735,0.12237626314163208,0.18996115028858185,0.043682172894477844
ACC,11:33:33.779735,0.00024244592350441962,-0.031359363347291946,1.023526668548584
MAG,11:33:33.779735,-21.39177894592285,-61.99204635620117,30.444299697875977
GYRO,11:33:34.326133,-0.06912999600172043,-0.0601881667971611,0.3039107620716095
ACC,11:33:34.326133,0.04509493708610535,-0.07598615437746048,0.9621151685714722
MAG,11:33:34.326133,-22.698822021484375,-61.55713653564453,30.44301414489746
GYRO,11:33:34.597061,-0.02056621015071869,-0.33110690116882324,0.653936505317688
ACC,11:33:34.597061,0.031033078208565712,-0.10855165123939514,1.0464341640472412
MAG,11:33:34.597061,-24.948875427246094,-61.95077133178711,30.217721939086914
GYRO,11:33:34.639124,0.08328087627887726,-0.21809683740139008,0.6982242465019226
ACC,11:33:34.639124,0.05552011355757713,-0.11723578721284866,0.9972074627876282
MAG,11:33:34.639124,-26.269636154174805,-62.27961730957031,30.003162384033203
GYRO,11:33:34.683509,0.14833803474903107,-0.1820557862520218,0.7611433863639832
ACC,11:33:34.683509,0.00654603959992528,-0.08660009503364563,0.9292160868644714
MAG,11:33:34.683509,-26.94587516784668,-62.51498794555664,29.331741333007812
GYRO,11:33:34.733276,0.07686679065227509,-0.19396765530109406,0.6557691097259521
ACC,11:33:34.733276,-0.02715192176401615,-0.10855165123939514,0.9937956929206848
MAG,11:33:34.733276,-27.669715881347656,-63.12683868408203,29.566932678222656
GYRO,11:33:35.276269,0.05640280246734619,-0.1512070894241333,0.6765385270118713
ACC,11:33:35.276269,0.07030931115150452,-0.0849115177989006,1.0398544073104858
MAG,11:33:35.276269,-30.442766189575195,-63.69721221923828,29.930004119873047
GYRO,11:33:35.587426,0.07656136155128479,-0.012846110388636589,0.9816657304763794
ACC,11:33:35.587426,-0.005183548666536808,-0.06537222117185593,0.9075270891189575
MAG,11:33:35.587426,-35.338905334472656,-62.823299407958984,30.234811782836914
GYRO,11:33:35.637028,0.020361758768558502,-0.19488395750522614,0.9838037490844727
ACC,11:33:35.637028,0.014061863534152508,-0.07188531756401062,0.9974511861801147
MAG,11:33:35.637028,-38.132694244384766,-62.471744537353516,30.526317596435547
GYRO,11:33:35.684921,-0.02759116142988205,-0.2681877613067627,0.9957156181335449
ACC,11:33:35.684921,0.037821561098098755,-0.05089866369962692,1.000862956047058
MAG,11:33:35.684921,-39.74832534790039,-62.07959747314453,30.51488494873047
GYRO,11:33:35.731347,0.04113118350505829,-0.16311895847320557,0.9877743721008301
ACC,11:33:35.731347,0.054307885468006134,-0.052346017211675644,1.0259637832641602
MAG,11:33:35.731347,-40.847450256347656,-61.703956604003906,30.423221588134766
GYRO,11:33:36.277489,-0.02606400102376938,-0.17808516323566437,0.4554053544998169
ACC,11:33:36.277489,0.0858258530497551,-0.027258524671196938,0.9253169298171997
MAG,11:33:36.277489,-45.095672607421875,-59.27714538574219,30.655982971191406
GYRO,11:33:36.597646,0.012725941836833954,0.30144405364990234,0.038184382021427155
ACC,11:33:36.597646,0.037336669862270355,-0.11482352763414383,0.9962327480316162
MAG,11:33:36.597646,-48.9420051574707,-57.59531021118164,29.5361385345459
GYRO,11:33:36.643208,-0.01598472148180008,0.0509893074631691,-0.2925991415977478
ACC,11:33:36.643208,0.035881996154785156,-0.12519624829292297,1.0266947746276855
MAG,11:33:36.643208,-51.180233001708984,-56.8499755859375,28.66468620300293
GYRO,11:33:36.690701,0.08786237239837646,-0.07179460674524307,-0.27060800790786743
ACC,11:33:36.690701,0.07127910107374191,-0.13532774150371552,0.987459659576416
MAG,11:33:36.690701,-52.13901138305664,-56.528160095214844,28.305938720703125
GYRO,11:33:36.742622,-0.01384669542312622,0.44866257905960083,-0.1658446043729782
ACC,11:33:36.742622,0.13673949241638184,-0.1131349503993988,1.0474090576171875
MAG,11:33:36.742622,-52.9609489440918,-56.37218475341797,28.073017120361328
GYRO,11:33:37.283473,-0.12196984142065048,-0.47252219915390015,0.23121780157089233
ACC,11:33:37.283473,0.02521437592804432,-0.012543746270239353,0.9423757195472717
MAG,11:33:37.283473,-54.94002151489258,-54.16533660888672,27.789077758789062
GYRO,11:33:37.587683,-0.23009298741817474,0.3099961578845978,0.1579139679670334
ACC,11:33:37.587683,0.05988414213061333,-0.024122590199112892,1.1292911767959595
MAG,11:33:37.587683,-56.00629806518555,-54.54291915893555,27.708009719848633
GYRO,11:33:37.633562,-0.03736500442028046,0.33656880259513855,0.03848981857299805
ACC,11:33:37.633562,-0.0486266203224659,-0.08177557587623596,1.059106469154358
MAG,11:33:37.633562,-57.07717514038086,-54.86693572998047,27.420150756835938
GYRO,11:33:37.684941,-0.06423767656087875,0.1206178069114685,0.0595596618950367
ACC,11:33:37.684941,0.05067119374871254,-0.09938507527112961,1.017678141593933
MAG,11:33:37.684941,-57.979835510253906,-54.954830169677734,26.897844314575195
GYRO,11:33:37.735142,-0.32293909788131714,0.22293773293495178,-0.11056631058454514
ACC,11:33:37.735142,-0.03258230537176132,-0.1128937155008316,1.0720224380493164
MAG,11:33:37.735142,-58.470497131347656,-55.59601974487305,26.45963478088379
GYRO,11:33:38.281425,0.11352411657571793,-0.00949648767709732,0.019242554903030396
ACC,11:33:38.281425,0.030305739492177963,0.05584229528903961,0.9923335909843445
MAG,11:33:38.281425,-59.329017639160156,-55.64222717285156,26.867795944213867
GYRO,11:33:38.580366,0.008449353277683258,0.0008882004767656326,0.000913519412279129
ACC,11:33:38.580366,0.019638117402791977,0.008983325213193893,0.9728378057479858
MAG,11:33:38.580366,-59.551422119140625,-55.804908752441406,27.201955795288086
GYRO,11:33:38.629961,0.027078278362751007,0.027460332959890366,0.08368578553199768
ACC,11:33:38.629961,-0.04739244282245636,-0.023398911580443382,0.9967200756072998
MAG,11:33:38.629961,-59.42144012451172,-55.59020233154297,26.962343215942383
GYRO,11:33:38.677855,0.1788775771856308,-0.012245932593941689,0.09711550921201706
ACC,11:33:38.677855,0.03903379291296005,0.05122923478484154,0.991358757019043
MAG,11:33:38.677855,-59.26739501953125,-55.563114166259766,26.54090118408203
GYRO,11:33:38.725676,0.06159144639968872,-0.015605690889060497,0.23456019163131714
ACC,11:33:38.725676,0.014546754769980907,0.005827021785080433,0.9545605182647705
MAG,11:33:38.725676,-59.52925109863281,-55.901859283447266,26.34105110168457
GYRO,11:33:38.775557,-0.0401170514523983,0.0066900718957185745,0.0024283910170197487
ACC,11:33:38.775557,0.01260718796402216,0.010440080426633358,0.9643084406852722
MAG,11:33:38.775557,-59.64978790283203,-55.760433197021484,26.624109268188477
